--
-- PostgreSQL database dump
--

-- Dumped from database version 10.3
-- Dumped by pg_dump version 10.3

SET statement_timeout = 0;
SET lock_timeout = 0;
SET idle_in_transaction_session_timeout = 0;
SET client_encoding = 'UTF8';
SET standard_conforming_strings = on;
SELECT pg_catalog.set_config('search_path', '', false);
SET check_function_bodies = false;
SET client_min_messages = warning;
SET row_security = off;

ALTER TABLE ONLY public.tour_visualizations DROP CONSTRAINT tour_visualizations_user_id_fkey;
ALTER TABLE ONLY public.tour_visualizations DROP CONSTRAINT tour_visualizations_listing_id_fkey;
ALTER TABLE ONLY public.price_suggestion_requests DROP CONSTRAINT price_suggestion_requests_user_id_fkey;
ALTER TABLE ONLY public.price_suggestion_requests DROP CONSTRAINT price_suggestion_requests_address_id_fkey;
ALTER TABLE ONLY public.price_histories DROP CONSTRAINT price_histories_listing_id_fkey;
ALTER TABLE ONLY public.messages DROP CONSTRAINT messages_sender_id_fkey;
ALTER TABLE ONLY public.messages DROP CONSTRAINT messages_receiver_id_fkey;
ALTER TABLE ONLY public.messages DROP CONSTRAINT messages_listing_id_fkey;
ALTER TABLE ONLY public.messages DROP CONSTRAINT messages_channel_id_fkey;
ALTER TABLE ONLY public.listings DROP CONSTRAINT listings_user_id_fkey;
ALTER TABLE ONLY public.listings_favorites DROP CONSTRAINT listings_favorites_user_id_fkey;
ALTER TABLE ONLY public.listings_favorites DROP CONSTRAINT listings_favorites_listing_id_fkey;
ALTER TABLE ONLY public.listings_blacklists DROP CONSTRAINT listings_blacklists_user_id_fkey;
ALTER TABLE ONLY public.listings_blacklists DROP CONSTRAINT listings_blacklists_listing_id_fkey;
ALTER TABLE ONLY public.listings DROP CONSTRAINT listings_address_id_fkey;
ALTER TABLE ONLY public.listing_visualizations DROP CONSTRAINT listing_visualizations_user_id_fkey;
ALTER TABLE ONLY public.listing_visualizations DROP CONSTRAINT listing_visualizations_listing_id_fkey;
ALTER TABLE ONLY public.interests DROP CONSTRAINT interests_listing_id_fkey;
ALTER TABLE ONLY public.interests DROP CONSTRAINT interests_interest_type_id_fkey;
ALTER TABLE ONLY public.in_person_visits DROP CONSTRAINT in_person_visits_listing_id_fkey;
ALTER TABLE ONLY public.images DROP CONSTRAINT images_listing_id_fkey;
ALTER TABLE ONLY public.contact_requests DROP CONSTRAINT contact_requests_user_id_fkey;
ALTER TABLE ONLY public.channels DROP CONSTRAINT channels_participant2_id_fkey;
ALTER TABLE ONLY public.channels DROP CONSTRAINT channels_participant1_id_fkey;
ALTER TABLE ONLY public.channels DROP CONSTRAINT channels_listing_id_fkey;
DROP INDEX public.users_email_index;
DROP INDEX public.unique_favorite;
DROP INDEX public.unique_blacklist;
DROP INDEX public.unique_address;
DROP INDEX public.tour_visualizations_user_id_index;
DROP INDEX public.tour_visualizations_listing_id_index;
DROP INDEX public.topic;
DROP INDEX public.price_suggestion_requests_user_id_index;
DROP INDEX public.price_suggestion_requests_address_id_index;
DROP INDEX public.price_histories_listing_id_index;
DROP INDEX public.messages_sender_id_index;
DROP INDEX public.messages_receiver_id_index;
DROP INDEX public.messages_listing_id_index;
DROP INDEX public.messages_channel_id_index;
DROP INDEX public.listings_user_id_index;
DROP INDEX public.listings_favorites_user_id_index;
DROP INDEX public.listings_favorites_listing_id_index;
DROP INDEX public.listings_blacklists_user_id_index;
DROP INDEX public.listings_blacklists_listing_id_index;
DROP INDEX public.listings_address_id_index;
DROP INDEX public.listing_visualizations_user_id_index;
DROP INDEX public.listing_visualizations_listing_id_index;
DROP INDEX public.interests_listing_id_index;
DROP INDEX public.interests_interest_type_id_index;
DROP INDEX public.in_person_visits_listing_id_index;
DROP INDEX public.images_listing_id_index;
DROP INDEX public.contact_requests_user_id_index;
DROP INDEX public.channels_participant2_id_index;
DROP INDEX public.channels_participant1_id_index;
DROP INDEX public.channels_listing_id_index;
ALTER TABLE ONLY public.users DROP CONSTRAINT users_pkey;
ALTER TABLE ONLY public.tour_visualizations DROP CONSTRAINT tour_visualizations_pkey;
ALTER TABLE ONLY public.schema_migrations DROP CONSTRAINT schema_migrations_pkey;
ALTER TABLE ONLY public.price_suggestion_requests DROP CONSTRAINT price_suggestion_requests_pkey;
ALTER TABLE ONLY public.price_suggestion_factors DROP CONSTRAINT price_suggestion_factors_pkey;
ALTER TABLE ONLY public.price_histories DROP CONSTRAINT price_histories_pkey;
ALTER TABLE ONLY public.messages DROP CONSTRAINT messages_pkey;
ALTER TABLE ONLY public.listings DROP CONSTRAINT listings_pkey;
ALTER TABLE ONLY public.listings_favorites DROP CONSTRAINT listings_favorites_pkey;
ALTER TABLE ONLY public.listings_blacklists DROP CONSTRAINT listings_blacklists_pkey;
ALTER TABLE ONLY public.listing_visualizations DROP CONSTRAINT listing_visualizations_pkey;
ALTER TABLE ONLY public.interests DROP CONSTRAINT interests_pkey;
ALTER TABLE ONLY public.interest_types DROP CONSTRAINT interest_types_pkey;
ALTER TABLE ONLY public.in_person_visits DROP CONSTRAINT in_person_visits_pkey;
ALTER TABLE ONLY public.images DROP CONSTRAINT images_pkey;
ALTER TABLE ONLY public.contact_requests DROP CONSTRAINT contact_requests_pkey;
ALTER TABLE ONLY public.channels DROP CONSTRAINT channels_pkey;
ALTER TABLE ONLY public.addresses DROP CONSTRAINT addresses_pkey;
ALTER TABLE public.users ALTER COLUMN id DROP DEFAULT;
ALTER TABLE public.tour_visualizations ALTER COLUMN id DROP DEFAULT;
ALTER TABLE public.price_suggestion_requests ALTER COLUMN id DROP DEFAULT;
ALTER TABLE public.price_suggestion_factors ALTER COLUMN id DROP DEFAULT;
ALTER TABLE public.price_histories ALTER COLUMN id DROP DEFAULT;
ALTER TABLE public.messages ALTER COLUMN id DROP DEFAULT;
ALTER TABLE public.listings_favorites ALTER COLUMN id DROP DEFAULT;
ALTER TABLE public.listings_blacklists ALTER COLUMN id DROP DEFAULT;
ALTER TABLE public.listings ALTER COLUMN id DROP DEFAULT;
ALTER TABLE public.listing_visualizations ALTER COLUMN id DROP DEFAULT;
ALTER TABLE public.interests ALTER COLUMN id DROP DEFAULT;
ALTER TABLE public.interest_types ALTER COLUMN id DROP DEFAULT;
ALTER TABLE public.in_person_visits ALTER COLUMN id DROP DEFAULT;
ALTER TABLE public.images ALTER COLUMN id DROP DEFAULT;
ALTER TABLE public.contact_requests ALTER COLUMN id DROP DEFAULT;
ALTER TABLE public.channels ALTER COLUMN id DROP DEFAULT;
ALTER TABLE public.addresses ALTER COLUMN id DROP DEFAULT;
DROP SEQUENCE public.users_id_seq;
DROP TABLE public.users;
DROP SEQUENCE public.tour_visualizations_id_seq;
DROP TABLE public.tour_visualizations;
DROP TABLE public.schema_migrations;
DROP SEQUENCE public.price_suggestion_requests_id_seq;
DROP TABLE public.price_suggestion_requests;
DROP SEQUENCE public.price_suggestion_factors_id_seq;
DROP TABLE public.price_suggestion_factors;
DROP SEQUENCE public.price_histories_id_seq;
DROP TABLE public.price_histories;
DROP SEQUENCE public.messages_id_seq;
DROP TABLE public.messages;
DROP SEQUENCE public.listings_id_seq;
DROP SEQUENCE public.listings_favorites_id_seq;
DROP TABLE public.listings_favorites;
DROP SEQUENCE public.listings_blacklists_id_seq;
DROP TABLE public.listings_blacklists;
DROP TABLE public.listings;
DROP SEQUENCE public.listing_visualizations_id_seq;
DROP TABLE public.listing_visualizations;
DROP SEQUENCE public.interests_id_seq;
DROP TABLE public.interests;
DROP SEQUENCE public.interest_types_id_seq;
DROP TABLE public.interest_types;
DROP SEQUENCE public.in_person_visits_id_seq;
DROP TABLE public.in_person_visits;
DROP SEQUENCE public.images_id_seq;
DROP TABLE public.images;
DROP SEQUENCE public.contact_requests_id_seq;
DROP TABLE public.contact_requests;
DROP SEQUENCE public.channels_id_seq;
DROP TABLE public.channels;
DROP SEQUENCE public.addresses_id_seq;
DROP TABLE public.addresses;
DROP EXTENSION plpgsql;
DROP SCHEMA public;
--
-- Name: public; Type: SCHEMA; Schema: -; Owner: -
--

CREATE SCHEMA public;


--
-- Name: plpgsql; Type: EXTENSION; Schema: -; Owner: -
--

CREATE EXTENSION IF NOT EXISTS plpgsql WITH SCHEMA pg_catalog;


--
-- Name: EXTENSION plpgsql; Type: COMMENT; Schema: -; Owner: -
--

COMMENT ON EXTENSION plpgsql IS 'PL/pgSQL procedural language';


SET default_tablespace = '';

SET default_with_oids = false;

--
-- Name: addresses; Type: TABLE; Schema: public; Owner: -
--

CREATE TABLE public.addresses (
    id bigint NOT NULL,
    street character varying(255),
    neighborhood character varying(255),
    city character varying(255),
    state character varying(255),
    postal_code character varying(255),
    inserted_at timestamp without time zone NOT NULL,
    updated_at timestamp without time zone NOT NULL,
    street_number character varying(255),
    lat double precision,
    lng double precision,
    street_slug character varying(255),
    neighborhood_slug character varying(255),
    city_slug character varying(255),
    state_slug character varying(255)
);


--
-- Name: addresses_id_seq; Type: SEQUENCE; Schema: public; Owner: -
--

CREATE SEQUENCE public.addresses_id_seq
    START WITH 1
    INCREMENT BY 1
    NO MINVALUE
    NO MAXVALUE
    CACHE 1;


--
-- Name: addresses_id_seq; Type: SEQUENCE OWNED BY; Schema: public; Owner: -
--

ALTER SEQUENCE public.addresses_id_seq OWNED BY public.addresses.id;


--
-- Name: channels; Type: TABLE; Schema: public; Owner: -
--

CREATE TABLE public.channels (
    id bigint NOT NULL,
    listing_id bigint,
    participant1_id bigint,
    participant2_id bigint,
    inserted_at timestamp without time zone NOT NULL,
    updated_at timestamp without time zone NOT NULL
);


--
-- Name: channels_id_seq; Type: SEQUENCE; Schema: public; Owner: -
--

CREATE SEQUENCE public.channels_id_seq
    START WITH 1
    INCREMENT BY 1
    NO MINVALUE
    NO MAXVALUE
    CACHE 1;


--
-- Name: channels_id_seq; Type: SEQUENCE OWNED BY; Schema: public; Owner: -
--

ALTER SEQUENCE public.channels_id_seq OWNED BY public.channels.id;


--
-- Name: contact_requests; Type: TABLE; Schema: public; Owner: -
--

CREATE TABLE public.contact_requests (
    id bigint NOT NULL,
    name character varying(255),
    email character varying(255),
    phone character varying(255),
    message text,
    user_id bigint,
    inserted_at timestamp without time zone NOT NULL,
    updated_at timestamp without time zone NOT NULL
);


--
-- Name: contact_requests_id_seq; Type: SEQUENCE; Schema: public; Owner: -
--

CREATE SEQUENCE public.contact_requests_id_seq
    START WITH 1
    INCREMENT BY 1
    NO MINVALUE
    NO MAXVALUE
    CACHE 1;


--
-- Name: contact_requests_id_seq; Type: SEQUENCE OWNED BY; Schema: public; Owner: -
--

ALTER SEQUENCE public.contact_requests_id_seq OWNED BY public.contact_requests.id;


--
-- Name: images; Type: TABLE; Schema: public; Owner: -
--

CREATE TABLE public.images (
    id bigint NOT NULL,
    listing_id bigint,
    filename character varying(255),
    "position" integer,
    inserted_at timestamp without time zone NOT NULL,
    updated_at timestamp without time zone NOT NULL,
    is_active boolean,
    description text
);


--
-- Name: images_id_seq; Type: SEQUENCE; Schema: public; Owner: -
--

CREATE SEQUENCE public.images_id_seq
    START WITH 1
    INCREMENT BY 1
    NO MINVALUE
    NO MAXVALUE
    CACHE 1;


--
-- Name: images_id_seq; Type: SEQUENCE OWNED BY; Schema: public; Owner: -
--

ALTER SEQUENCE public.images_id_seq OWNED BY public.images.id;


--
-- Name: in_person_visits; Type: TABLE; Schema: public; Owner: -
--

CREATE TABLE public.in_person_visits (
    id bigint NOT NULL,
    listing_id bigint,
    date timestamp without time zone,
    inserted_at timestamp without time zone NOT NULL,
    updated_at timestamp without time zone NOT NULL
);


--
-- Name: in_person_visits_id_seq; Type: SEQUENCE; Schema: public; Owner: -
--

CREATE SEQUENCE public.in_person_visits_id_seq
    START WITH 1
    INCREMENT BY 1
    NO MINVALUE
    NO MAXVALUE
    CACHE 1;


--
-- Name: in_person_visits_id_seq; Type: SEQUENCE OWNED BY; Schema: public; Owner: -
--

ALTER SEQUENCE public.in_person_visits_id_seq OWNED BY public.in_person_visits.id;


--
-- Name: interest_types; Type: TABLE; Schema: public; Owner: -
--

CREATE TABLE public.interest_types (
    id bigint NOT NULL,
    name character varying(255),
    inserted_at timestamp without time zone NOT NULL,
    updated_at timestamp without time zone NOT NULL,
    enabled boolean
);


--
-- Name: interest_types_id_seq; Type: SEQUENCE; Schema: public; Owner: -
--

CREATE SEQUENCE public.interest_types_id_seq
    START WITH 1
    INCREMENT BY 1
    NO MINVALUE
    NO MAXVALUE
    CACHE 1;


--
-- Name: interest_types_id_seq; Type: SEQUENCE OWNED BY; Schema: public; Owner: -
--

ALTER SEQUENCE public.interest_types_id_seq OWNED BY public.interest_types.id;


--
-- Name: interests; Type: TABLE; Schema: public; Owner: -
--

CREATE TABLE public.interests (
    id bigint NOT NULL,
    name character varying(255),
    email character varying(255),
    phone character varying(255),
    message text,
    listing_id bigint,
    inserted_at timestamp without time zone NOT NULL,
    updated_at timestamp without time zone NOT NULL,
    interest_type_id bigint
);


--
-- Name: interests_id_seq; Type: SEQUENCE; Schema: public; Owner: -
--

CREATE SEQUENCE public.interests_id_seq
    START WITH 1
    INCREMENT BY 1
    NO MINVALUE
    NO MAXVALUE
    CACHE 1;


--
-- Name: interests_id_seq; Type: SEQUENCE OWNED BY; Schema: public; Owner: -
--

ALTER SEQUENCE public.interests_id_seq OWNED BY public.interests.id;


--
-- Name: listing_visualizations; Type: TABLE; Schema: public; Owner: -
--

CREATE TABLE public.listing_visualizations (
    id bigint NOT NULL,
    listing_id bigint,
    user_id bigint,
    details text,
    inserted_at timestamp without time zone NOT NULL,
    updated_at timestamp without time zone NOT NULL
);


--
-- Name: listing_visualizations_id_seq; Type: SEQUENCE; Schema: public; Owner: -
--

CREATE SEQUENCE public.listing_visualizations_id_seq
    START WITH 1
    INCREMENT BY 1
    NO MINVALUE
    NO MAXVALUE
    CACHE 1;


--
-- Name: listing_visualizations_id_seq; Type: SEQUENCE OWNED BY; Schema: public; Owner: -
--

ALTER SEQUENCE public.listing_visualizations_id_seq OWNED BY public.listing_visualizations.id;


--
-- Name: listings; Type: TABLE; Schema: public; Owner: -
--

CREATE TABLE public.listings (
    id bigint NOT NULL,
    description text,
    inserted_at timestamp without time zone NOT NULL,
    updated_at timestamp without time zone NOT NULL,
    rooms integer,
    price integer,
    area integer,
    garage_spots integer,
    address_id bigint,
    bathrooms integer,
    floor character varying(255),
    gmaps character varying(255),
    is_active boolean DEFAULT true,
    matterport_code character varying(255),
    score integer DEFAULT 1,
    type character varying(255) DEFAULT 'Apartamento'::character varying,
    complement character varying(255),
    user_id bigint,
    is_exclusive boolean,
    property_tax double precision,
    maintenance_fee double precision,
    suites integer,
    dependencies integer,
    has_elevator boolean,
    balconies integer,
    restrooms integer,
    is_release boolean
);


--
-- Name: listings_blacklists; Type: TABLE; Schema: public; Owner: -
--

CREATE TABLE public.listings_blacklists (
    id bigint NOT NULL,
    listing_id bigint,
    user_id bigint,
    inserted_at timestamp without time zone NOT NULL,
    updated_at timestamp without time zone NOT NULL
);


--
-- Name: listings_blacklists_id_seq; Type: SEQUENCE; Schema: public; Owner: -
--

CREATE SEQUENCE public.listings_blacklists_id_seq
    START WITH 1
    INCREMENT BY 1
    NO MINVALUE
    NO MAXVALUE
    CACHE 1;


--
-- Name: listings_blacklists_id_seq; Type: SEQUENCE OWNED BY; Schema: public; Owner: -
--

ALTER SEQUENCE public.listings_blacklists_id_seq OWNED BY public.listings_blacklists.id;


--
-- Name: listings_favorites; Type: TABLE; Schema: public; Owner: -
--

CREATE TABLE public.listings_favorites (
    id bigint NOT NULL,
    listing_id bigint,
    user_id bigint,
    inserted_at timestamp without time zone NOT NULL,
    updated_at timestamp without time zone NOT NULL
);


--
-- Name: listings_favorites_id_seq; Type: SEQUENCE; Schema: public; Owner: -
--

CREATE SEQUENCE public.listings_favorites_id_seq
    START WITH 1
    INCREMENT BY 1
    NO MINVALUE
    NO MAXVALUE
    CACHE 1;


--
-- Name: listings_favorites_id_seq; Type: SEQUENCE OWNED BY; Schema: public; Owner: -
--

ALTER SEQUENCE public.listings_favorites_id_seq OWNED BY public.listings_favorites.id;


--
-- Name: listings_id_seq; Type: SEQUENCE; Schema: public; Owner: -
--

CREATE SEQUENCE public.listings_id_seq
    START WITH 1
    INCREMENT BY 1
    NO MINVALUE
    NO MAXVALUE
    CACHE 1;


--
-- Name: listings_id_seq; Type: SEQUENCE OWNED BY; Schema: public; Owner: -
--

ALTER SEQUENCE public.listings_id_seq OWNED BY public.listings.id;


--
-- Name: messages; Type: TABLE; Schema: public; Owner: -
--

CREATE TABLE public.messages (
    id bigint NOT NULL,
    message text,
    notified boolean,
    read boolean,
    sender_id bigint,
    receiver_id bigint,
    listing_id bigint,
    inserted_at timestamp without time zone NOT NULL,
    updated_at timestamp without time zone NOT NULL,
    channel_id bigint
);


--
-- Name: messages_id_seq; Type: SEQUENCE; Schema: public; Owner: -
--

CREATE SEQUENCE public.messages_id_seq
    START WITH 1
    INCREMENT BY 1
    NO MINVALUE
    NO MAXVALUE
    CACHE 1;


--
-- Name: messages_id_seq; Type: SEQUENCE OWNED BY; Schema: public; Owner: -
--

ALTER SEQUENCE public.messages_id_seq OWNED BY public.messages.id;


--
-- Name: price_histories; Type: TABLE; Schema: public; Owner: -
--

CREATE TABLE public.price_histories (
    id bigint NOT NULL,
    price integer,
    listing_id bigint,
    inserted_at timestamp without time zone NOT NULL,
    updated_at timestamp without time zone NOT NULL
);


--
-- Name: price_histories_id_seq; Type: SEQUENCE; Schema: public; Owner: -
--

CREATE SEQUENCE public.price_histories_id_seq
    START WITH 1
    INCREMENT BY 1
    NO MINVALUE
    NO MAXVALUE
    CACHE 1;


--
-- Name: price_histories_id_seq; Type: SEQUENCE OWNED BY; Schema: public; Owner: -
--

ALTER SEQUENCE public.price_histories_id_seq OWNED BY public.price_histories.id;


--
-- Name: price_suggestion_factors; Type: TABLE; Schema: public; Owner: -
--

CREATE TABLE public.price_suggestion_factors (
    id bigint NOT NULL,
    street character varying(255),
    intercept double precision,
    area double precision,
    bathrooms double precision,
    rooms double precision,
    garage_spots double precision,
    r2 double precision,
    inserted_at timestamp without time zone NOT NULL,
    updated_at timestamp without time zone NOT NULL
);


--
-- Name: price_suggestion_factors_id_seq; Type: SEQUENCE; Schema: public; Owner: -
--

CREATE SEQUENCE public.price_suggestion_factors_id_seq
    START WITH 1
    INCREMENT BY 1
    NO MINVALUE
    NO MAXVALUE
    CACHE 1;


--
-- Name: price_suggestion_factors_id_seq; Type: SEQUENCE OWNED BY; Schema: public; Owner: -
--

ALTER SEQUENCE public.price_suggestion_factors_id_seq OWNED BY public.price_suggestion_factors.id;


--
-- Name: price_suggestion_requests; Type: TABLE; Schema: public; Owner: -
--

CREATE TABLE public.price_suggestion_requests (
    id bigint NOT NULL,
    name character varying(255),
    email character varying(255),
    area integer,
    rooms integer,
    bathrooms integer,
    garage_spots integer,
    address_id bigint,
    user_id bigint,
    inserted_at timestamp without time zone NOT NULL,
    updated_at timestamp without time zone NOT NULL,
    is_covered boolean
);


--
-- Name: price_suggestion_requests_id_seq; Type: SEQUENCE; Schema: public; Owner: -
--

CREATE SEQUENCE public.price_suggestion_requests_id_seq
    START WITH 1
    INCREMENT BY 1
    NO MINVALUE
    NO MAXVALUE
    CACHE 1;


--
-- Name: price_suggestion_requests_id_seq; Type: SEQUENCE OWNED BY; Schema: public; Owner: -
--

ALTER SEQUENCE public.price_suggestion_requests_id_seq OWNED BY public.price_suggestion_requests.id;


--
-- Name: schema_migrations; Type: TABLE; Schema: public; Owner: -
--

CREATE TABLE public.schema_migrations (
    version bigint NOT NULL,
    inserted_at timestamp without time zone
);


--
-- Name: tour_visualizations; Type: TABLE; Schema: public; Owner: -
--

CREATE TABLE public.tour_visualizations (
    id bigint NOT NULL,
    listing_id bigint,
    user_id bigint,
    details text,
    inserted_at timestamp without time zone NOT NULL,
    updated_at timestamp without time zone NOT NULL
);


--
-- Name: tour_visualizations_id_seq; Type: SEQUENCE; Schema: public; Owner: -
--

CREATE SEQUENCE public.tour_visualizations_id_seq
    START WITH 1
    INCREMENT BY 1
    NO MINVALUE
    NO MAXVALUE
    CACHE 1;


--
-- Name: tour_visualizations_id_seq; Type: SEQUENCE OWNED BY; Schema: public; Owner: -
--

ALTER SEQUENCE public.tour_visualizations_id_seq OWNED BY public.tour_visualizations.id;


--
-- Name: users; Type: TABLE; Schema: public; Owner: -
--

CREATE TABLE public.users (
    id bigint NOT NULL,
    name character varying(255),
    email character varying(255),
    phone character varying(255),
    inserted_at timestamp without time zone NOT NULL,
    updated_at timestamp without time zone NOT NULL,
    password_hash character varying(255),
    role character varying(255),
    confirmation_token character varying(255),
    confirmed boolean,
    reset_token character varying(255),
    notification_preferences jsonb
);


--
-- Name: users_id_seq; Type: SEQUENCE; Schema: public; Owner: -
--

CREATE SEQUENCE public.users_id_seq
    START WITH 1
    INCREMENT BY 1
    NO MINVALUE
    NO MAXVALUE
    CACHE 1;


--
-- Name: users_id_seq; Type: SEQUENCE OWNED BY; Schema: public; Owner: -
--

ALTER SEQUENCE public.users_id_seq OWNED BY public.users.id;


--
-- Name: addresses id; Type: DEFAULT; Schema: public; Owner: -
--

ALTER TABLE ONLY public.addresses ALTER COLUMN id SET DEFAULT nextval('public.addresses_id_seq'::regclass);


--
-- Name: channels id; Type: DEFAULT; Schema: public; Owner: -
--

ALTER TABLE ONLY public.channels ALTER COLUMN id SET DEFAULT nextval('public.channels_id_seq'::regclass);


--
-- Name: contact_requests id; Type: DEFAULT; Schema: public; Owner: -
--

ALTER TABLE ONLY public.contact_requests ALTER COLUMN id SET DEFAULT nextval('public.contact_requests_id_seq'::regclass);


--
-- Name: images id; Type: DEFAULT; Schema: public; Owner: -
--

ALTER TABLE ONLY public.images ALTER COLUMN id SET DEFAULT nextval('public.images_id_seq'::regclass);


--
-- Name: in_person_visits id; Type: DEFAULT; Schema: public; Owner: -
--

ALTER TABLE ONLY public.in_person_visits ALTER COLUMN id SET DEFAULT nextval('public.in_person_visits_id_seq'::regclass);


--
-- Name: interest_types id; Type: DEFAULT; Schema: public; Owner: -
--

ALTER TABLE ONLY public.interest_types ALTER COLUMN id SET DEFAULT nextval('public.interest_types_id_seq'::regclass);


--
-- Name: interests id; Type: DEFAULT; Schema: public; Owner: -
--

ALTER TABLE ONLY public.interests ALTER COLUMN id SET DEFAULT nextval('public.interests_id_seq'::regclass);


--
-- Name: listing_visualizations id; Type: DEFAULT; Schema: public; Owner: -
--

ALTER TABLE ONLY public.listing_visualizations ALTER COLUMN id SET DEFAULT nextval('public.listing_visualizations_id_seq'::regclass);


--
-- Name: listings id; Type: DEFAULT; Schema: public; Owner: -
--

ALTER TABLE ONLY public.listings ALTER COLUMN id SET DEFAULT nextval('public.listings_id_seq'::regclass);


--
-- Name: listings_blacklists id; Type: DEFAULT; Schema: public; Owner: -
--

ALTER TABLE ONLY public.listings_blacklists ALTER COLUMN id SET DEFAULT nextval('public.listings_blacklists_id_seq'::regclass);


--
-- Name: listings_favorites id; Type: DEFAULT; Schema: public; Owner: -
--

ALTER TABLE ONLY public.listings_favorites ALTER COLUMN id SET DEFAULT nextval('public.listings_favorites_id_seq'::regclass);


--
-- Name: messages id; Type: DEFAULT; Schema: public; Owner: -
--

ALTER TABLE ONLY public.messages ALTER COLUMN id SET DEFAULT nextval('public.messages_id_seq'::regclass);


--
-- Name: price_histories id; Type: DEFAULT; Schema: public; Owner: -
--

ALTER TABLE ONLY public.price_histories ALTER COLUMN id SET DEFAULT nextval('public.price_histories_id_seq'::regclass);


--
-- Name: price_suggestion_factors id; Type: DEFAULT; Schema: public; Owner: -
--

ALTER TABLE ONLY public.price_suggestion_factors ALTER COLUMN id SET DEFAULT nextval('public.price_suggestion_factors_id_seq'::regclass);


--
-- Name: price_suggestion_requests id; Type: DEFAULT; Schema: public; Owner: -
--

ALTER TABLE ONLY public.price_suggestion_requests ALTER COLUMN id SET DEFAULT nextval('public.price_suggestion_requests_id_seq'::regclass);


--
-- Name: tour_visualizations id; Type: DEFAULT; Schema: public; Owner: -
--

ALTER TABLE ONLY public.tour_visualizations ALTER COLUMN id SET DEFAULT nextval('public.tour_visualizations_id_seq'::regclass);


--
-- Name: users id; Type: DEFAULT; Schema: public; Owner: -
--

ALTER TABLE ONLY public.users ALTER COLUMN id SET DEFAULT nextval('public.users_id_seq'::regclass);


--
-- Data for Name: addresses; Type: TABLE DATA; Schema: public; Owner: -
--

COPY public.addresses (id, street, neighborhood, city, state, postal_code, inserted_at, updated_at, street_number, lat, lng, street_slug, neighborhood_slug, city_slug, state_slug) FROM stdin;
74	General Severiano	Botafogo	Rio de Janeiro	RJ	22290-040	2018-02-04 23:50:48.22044	2018-06-11 18:27:35.369384	335	-22.9528315999999997	-43.1769845000000032	general-severiano	botafogo	rio-de-janeiro	rj
76	Belfort Roxo	Copacabana	Rio de Janeiro	RJ	22020-010	2018-02-06 18:30:59.028255	2018-06-11 18:27:35.369972	260	-22.9622834000000005	-43.1771641000000272	belfort-roxo	copacabana	rio-de-janeiro	rj
81	Santa Clara	Copacabana	Rio de Janeiro	RJ	22041-902	2018-02-16 17:01:43.411495	2018-06-11 18:27:35.371597	79	-22.9644730000000017	-43.1935323000000153	santa-clara	copacabana	rio-de-janeiro	rj
84	Timóteo da Costa 	Leblon	Rio de Janeiro	RJ	22450-130	2018-02-20 12:13:41.28565	2018-06-11 18:27:35.373229	23	-22.9841970000000018	-43.2327760000000012	timoteo-da-costa-	leblon	rio-de-janeiro	rj
75	Henrique Dodsworth	Copacabana	Rio de Janeiro	RJ	22061-030	2018-02-05 00:40:22.508844	2018-06-11 18:27:35.375087	430	-22.9769635000000001	-43.1958809000000201	henrique-dodsworth	copacabana	rio-de-janeiro	rj
77	Ministro Alfredo Valadão	Copacabana	Rio de Janeiro	RJ	22031-050	2018-02-06 18:41:24.004748	2018-06-11 18:27:35.37571	489	-22.9660820000000001	-43.188997699999959	ministro-alfredo-valadao	copacabana	rio-de-janeiro	rj
82	Alexandre Ferreira	Lagoa	Rio de Janeiro	RJ	22470-220	2018-02-16 17:57:44.952897	2018-06-11 18:27:35.377005	193	-22.9618441000000004	-43.2062551999999869	alexandre-ferreira	lagoa	rio-de-janeiro	rj
86	Goes Monteiro	Botafogo	Rio de Janeiro	RJ	22290-080	2018-02-23 15:28:42.87911	2018-06-11 18:27:35.377758	264	-22.9565911000000007	-43.1786763999999721	goes-monteiro	botafogo	rio-de-janeiro	rj
78	Av. Carlos Peixoto	Botafogo	Rio de Janeiro	RJ	22290-090	2018-02-06 23:05:49.912529	2018-06-11 18:27:35.379247	471	-22.9581017999999908	-43.1780929999999898	av-carlos-peixoto	botafogo	rio-de-janeiro	rj
60	Borges de Medeiros	Lagoa	Rio de Janeiro	RJ	22470-002	2018-01-27 18:43:38.839416	2018-06-11 18:27:35.419981	321	-22.9661013999999994	-43.2167554000000109	borges-de-medeiros	lagoa	rio-de-janeiro	rj
316	Rua Barata Ribeiro	Copacabana	Rio de Janeiro	RJ	22051-002	2018-05-21 20:20:49.486799	2018-06-11 18:27:35.560108	21	-22.972449000000001	-43.1906283000000002	rua-barata-ribeiro	copacabana	rio-de-janeiro	rj
59	Senador Vergueiro	Flamengo	Rio de Janeiro	RJ	22230-000	2018-01-27 18:08:59.529533	2018-06-11 18:27:35.41503	222	-22.9378920000000015	-43.1760188999999741	senador-vergueiro	flamengo	rio-de-janeiro	rj
61	Rua Ministro Valdemar Falcão	Itanhangá	Rio de Janeiro	RJ	22641-170	2018-01-29 22:41:30.244636	2018-06-11 18:27:35.415699	334	-22.9910576999999989	-43.3009366	rua-ministro-valdemar-falcao	itanhanga	rio-de-janeiro	rj
66	Rua Barata Ribeiro	Copacabana	Rio de Janeiro	RJ	22011-001	2018-01-31 12:47:35.413587	2018-06-11 18:27:35.417675	427	-22.9653719999999986	-43.1804289000000381	rua-barata-ribeiro	copacabana	rio-de-janeiro	rj
67	Rua Xavier da Silveira	Copacabana	Rio de Janeiro	RJ	22061-010	2018-01-31 14:28:51.225262	2018-06-11 18:27:35.418236	190	-22.9763191999999989	-43.1934031000000118	rua-xavier-da-silveira	copacabana	rio-de-janeiro	rj
68	Rua Desembargador Burle	Humaitá	Rio de Janeiro	RJ	22271-060	2018-01-31 22:34:11.862764	2018-06-11 18:27:35.418834	96	-22.9569150999999998	-43.198496299999988	rua-desembargador-burle	humaita	rio-de-janeiro	rj
65	Negreiros Lobato	Lagoa	Rio de Janeiro	RJ	22471-130	2018-01-30 00:18:06.010728	2018-06-11 18:27:35.419407	464	-22.967561400000001	-43.2026111999999785	negreiros-lobato	lagoa	rio-de-janeiro	rj
69	Avenida Atlântica	Copacabana	Rio de Janeiro	RJ	22070-002	2018-02-01 13:41:21.271912	2018-06-11 18:27:35.420627	5	-22.9835729999999998	-43.1900949999999852	avenida-atlantica	copacabana	rio-de-janeiro	rj
89	Rua Francisco Sá	Copacabana	Rio de Janeiro	RJ	22080-110	2018-02-26 12:24:28.006672	2018-06-11 18:27:35.422517	149	-22.9837898000000003	-43.1935697999999775	rua-francisco-sa	copacabana	rio-de-janeiro	rj
90	Barão de Ipanema	Copacabana	Rio de Janeiro	RJ	22050-032	2018-02-27 02:58:05.648671	2018-06-11 18:27:35.423195	160	-22.9746287000000002	-43.1901133000000073	barao-de-ipanema	copacabana	rio-de-janeiro	rj
91	Sá Ferreira	Copacabana	Rio de Janeiro	RJ	22071-100	2018-02-27 13:52:49.08728	2018-06-11 18:27:35.42382	354	-22.9813082999999985	-43.1926647999999886	sa-ferreira	copacabana	rio-de-janeiro	rj
87	Lopes Quintas	Jardim Botânico	Rio de Janeiro	RJ	22460-010	2018-02-25 16:40:16.630891	2018-06-11 18:27:35.424453	37	-22.9646222999999985	-43.220991099999992	lopes-quintas	jardim-botanico	rio-de-janeiro	rj
92	Domingos Ferreira	Copacabana	Rio de Janeiro	RJ	22050-011	2018-02-28 02:00:27.638761	2018-06-11 18:27:35.425082	116	-22.9717696999999994	-43.1863612999999873	domingos-ferreira	copacabana	rio-de-janeiro	rj
93	Mena Barreto	Botafogo	Rio de Janeiro	RJ	22271-100	2018-02-28 03:16:38.817534	2018-06-11 18:27:35.425726	282	-22.9560791000000002	-43.1902059000000236	mena-barreto	botafogo	rio-de-janeiro	rj
94	Silveira Martins	Catete	Rio de Janeiro	RJ	22221-000	2018-03-01 16:21:39.08917	2018-06-11 18:27:35.426454	445	-22.9259373000000011	-43.1772277000000031	silveira-martins	catete	rio-de-janeiro	rj
96	Julio de Castilhos	Copacabana	Rio de Janeiro	RJ	22081-025	2018-03-05 01:57:04.891419	2018-06-11 18:27:35.427762	96	-22.9841382000000003	-43.1908872999999858	julio-de-castilhos	copacabana	rio-de-janeiro	rj
98	General Cristovão Barcelos	Laranjeiras	Rio de Janeiro	RJ	22245-110	2018-03-06 03:40:39.571166	2018-06-11 18:27:35.429026	140	-22.9430224000000003	-43.1915144000000168	general-cristovao-barcelos	laranjeiras	rio-de-janeiro	rj
100	Rua Ataulpho Coutinho	Barra da Tijuca	Rio de Janeiro	RJ	22793-520	2018-03-06 23:00:01.861049	2018-06-11 18:27:35.430306	342	-23.0033829999999995	-43.3773247999999967	rua-ataulpho-coutinho	barra-da-tijuca	rio-de-janeiro	rj
101	Rua Álvaro Chaves	Laranjeiras	Rio de Janeiro	RJ	22231-220	2018-03-07 11:43:22.969998	2018-06-11 18:27:35.430965	268	-22.9362411000000002	-43.1850008999999986	rua-alvaro-chaves	laranjeiras	rio-de-janeiro	rj
102	Rua Bolívar	Copacabana	Rio de Janeiro	RJ	22061-020	2018-03-07 12:32:50.372437	2018-06-11 18:27:35.431602	261	-22.9759335	-43.1907229999999984	rua-bolivar	copacabana	rio-de-janeiro	rj
103	Rua Itaipava	Jardim Botânico	Rio de Janeiro	RJ	22461-030	2018-03-07 19:36:15.974622	2018-06-11 18:27:35.432279	211	-22.9612930000000013	-43.218240999999999	rua-itaipava	jardim-botanico	rio-de-janeiro	rj
104	Rua Teixeira de Melo	Ipanema	Rio de Janeiro	RJ	22410-010	2018-03-08 01:59:26.904691	2018-06-11 18:27:35.432919	160	-22.9837570000000007	-43.1986682000000002	rua-teixeira-de-melo	ipanema	rio-de-janeiro	rj
105	Avenida Vieira Souto	Ipanema	Rio de Janeiro	RJ	22240-000	2018-03-08 03:41:48.261099	2018-06-11 18:27:35.433566	380	-22.9858367000000001	-43.2137015999999932	avenida-vieira-souto	ipanema	rio-de-janeiro	rj
106	Rua Marquesa de Santos	Laranjeiras	Rio de Janeiro	RJ	22221-080	2018-03-09 02:49:41.89376	2018-06-11 18:27:35.434186	215	-22.9310541999999913	-43.1810614999999984	rua-marquesa-de-santos	laranjeiras	rio-de-janeiro	rj
107	Rua Djalma Ulrich	Copacabana	Rio de Janeiro	RJ	22071-020	2018-03-09 02:59:59.09479	2018-06-11 18:27:35.434809	492	-22.9782240999999985	-43.1924238000000003	rua-djalma-ulrich	copacabana	rio-de-janeiro	rj
108	Rua Dias da Rocha	Copacabana	Rio de Janeiro	RJ	22051-020	2018-03-09 03:10:08.410766	2018-06-11 18:27:35.435455	458	-22.9719090000000001	-43.190031999999988	rua-dias-da-rocha	copacabana	rio-de-janeiro	rj
109	Rua Tonelero	Copacabana	Rio de Janeiro	RJ	22030-002	2018-03-12 01:01:26.859984	2018-06-11 18:27:35.436134	359	-22.9668832999999992	-43.1859188000000032	rua-tonelero	copacabana	rio-de-janeiro	rj
110	Rua Jardim Botânico	Jardim Botânico	Rio de Janeiro	RJ	22470-050	2018-03-13 02:20:28.254063	2018-06-11 18:27:35.43682	352	-22.9607339999999986	-43.2070819999999998	rua-jardim-botanico	jardim-botanico	rio-de-janeiro	rj
129	Rua Humaitá	Humaitá	Rio de Janeiro	RJ	22261-004	2018-03-22 22:22:36.840286	2018-06-11 18:27:35.44966	103	-22.9594501999999991	-43.2019129000000035	rua-humaita	humaita	rio-de-janeiro	rj
217	Rua General Góis Monteiro	Botafogo	Rio de Janeiro	RJ	22290	2018-04-16 21:16:35.976768	2018-06-11 18:27:35.490372	35	-22.9565911000000007	-43.1786764000000005	rua-general-gois-monteiro	botafogo	rio-de-janeiro	rj
300	Rua Marquês de Abrantes	Flamengo	Rio de Janeiro	RJ	22230-060	2018-05-16 20:21:15.923962	2018-06-11 18:27:35.549925	325	-22.9369602000000015	-43.1775996000000006	rua-marques-de-abrantes	flamengo	rio-de-janeiro	rj
301	Rua Marquês de Abrantes	Flamengo	Rio de Janeiro	RJ	22230-061	2018-05-16 21:16:58.09936	2018-06-11 18:27:35.550583	370	-22.9398251000000002	-43.1780107000000015	rua-marques-de-abrantes	flamengo	rio-de-janeiro	rj
302	Rua Marquês de São Vicente	Gávea	Rio de Janeiro	RJ	22451-044	2018-05-16 21:30:54.428462	2018-06-11 18:27:35.551215	462	-22.9819421000000013	-43.2389042000000003	rua-marques-de-sao-vicente	gavea	rio-de-janeiro	rj
303	Rua Tonelero	Copacabana	Rio de Janeiro	RJ	22030-002	2018-05-16 21:33:16.328747	2018-06-11 18:27:35.551817	15	-22.9667925000000004	-43.185654300000003	rua-tonelero	copacabana	rio-de-janeiro	rj
314	Avenida Epitácio Pessoa	Lagoa	Rio de Janeiro	RJ	22471-003	2018-05-21 20:18:52.192083	2018-06-11 18:27:35.558763	467	-22.9677754999999983	-43.2037935000000033	avenida-epitacio-pessoa	lagoa	rio-de-janeiro	rj
315	Rua Senador Corrêa	Laranjeiras	Rio de Janeiro	RJ	22231-180	2018-05-21 20:19:38.034758	2018-06-11 18:27:35.559467	426	-22.9353966999999983	-43.1800131999999977	rua-senador-correa	laranjeiras	rio-de-janeiro	rj
317	Rua Ferreira Viana	Flamengo	Rio de Janeiro	RJ	22210-040	2018-05-21 20:21:28.012284	2018-06-11 18:27:35.560745	116	-22.9271980000000006	-43.1754481999999982	rua-ferreira-viana	flamengo	rio-de-janeiro	rj
318	Rua Pio Corrêa	Jardim Botânico	Rio de Janeiro	RJ	22461-240	2018-05-21 20:23:57.356166	2018-06-11 18:27:35.561389	86	-22.9598355000000005	-43.2034472000000065	rua-pio-correa	jardim-botanico	rio-de-janeiro	rj
319	Rua Paissandu	Laranjeiras	Rio de Janeiro	RJ	22210-080	2018-05-21 20:24:54.684761	2018-06-11 18:27:35.561988	375	-22.9370639999999995	-43.183010000000003	rua-paissandu	laranjeiras	rio-de-janeiro	rj
\.


--
-- Data for Name: channels; Type: TABLE DATA; Schema: public; Owner: -
--

COPY public.channels (id, listing_id, participant1_id, participant2_id, inserted_at, updated_at) FROM stdin;
\.


--
-- Data for Name: contact_requests; Type: TABLE DATA; Schema: public; Owner: -
--

COPY public.contact_requests (id, name, email, phone, message, user_id, inserted_at, updated_at) FROM stdin;
\.


--
-- Data for Name: images; Type: TABLE DATA; Schema: public; Owner: -
--

COPY public.images (id, listing_id, filename, "position", inserted_at, updated_at, is_active, description) FROM stdin;
778	54	tulqhnivaprcmlxnokjz.jpg	1	2018-01-29 23:07:10.901426	2018-01-29 23:07:25.669193	t	\N
728	50	ecesbnypmloxas5uhma3.jpg	10	2018-01-27 18:19:04.987308	2018-01-27 18:27:17.715951	t	\N
722	50	caodilvitc2kq2kzonp1.jpg	16	2018-01-27 18:15:12.721884	2018-01-27 18:27:17.741829	t	\N
753	51	oysqygybihhlyv3ym2et.jpg	4	2018-01-27 18:50:43.848618	2018-01-27 18:51:49.690535	t	\N
745	51	czgyiej5u1300j7v1hed.jpg	10	2018-01-27 18:48:14.333145	2018-01-27 18:51:49.712568	t	\N
881	60	vqtf0mef5i9vvahbzt7n.jpg	0	2018-02-01 13:48:13.585576	2018-02-01 13:48:27.764144	t	\N
821	57	yf16bcltms3fiiwv4i5h.jpg	-1	2018-01-30 00:20:17.250939	2018-01-30 00:20:17.250953	t	\N
924	64	x1vlwlxaqt1yq2fkduiu.jpg	7	2018-02-02 20:03:50.155366	2018-02-02 20:04:33.838891	t	\N
859	58	jhxxipdvk4dv1zabgdf4.jpg	1	2018-01-31 13:05:45.932416	2018-02-06 18:12:15.541911	f	\N
940	65	d7gzkmvvkc00mndzvzwr.jpg	-8	2018-02-05 00:01:45.540541	2018-02-06 18:32:27.995731	f	\N
931	65	vrycidlosyi4c1cntmmd.jpg	1	2018-02-04 23:55:21.192887	2018-02-06 18:32:37.614095	f	\N
1333	71	eep0yz9frr2yxzatttmr.jpg	-1	2018-02-08 02:27:28.875816	2018-02-08 02:27:28.875825	t	\N
1335	71	pogkurpd1zbqvoldcrln.jpg	-3	2018-02-08 02:28:17.352822	2018-02-08 02:28:17.352832	t	\N
1361	65	hbjpxxs8wdypnyfzfl2s.jpg	-3	2018-02-08 22:42:16.892764	2018-02-12 17:33:54.952402	f	\N
1274	68	h35fbxdsh0wjz2cudqcn.jpg	3	2018-02-06 18:52:29.099912	2018-02-06 19:04:50.50346	t	\N
1362	65	w491g2w9kdj4d5cili58.jpg	0	2018-02-12 18:41:12.097556	2018-02-12 18:42:22.286841	t	\N
796	55	cf7dec1kydkfctwutkva.jpg	9	2018-01-29 23:46:24.023171	2018-02-14 15:56:26.363117	f	\N
767	52	sftlemolbau6tmcs5kjj.jpg	4	2018-01-29 22:45:58.175879	2018-02-14 15:42:47.777789	f	\N
758	52	wnaykaqksebh4k7qfjjf.jpg	11	2018-01-29 22:45:18.758558	2018-02-14 15:42:52.174061	f	\N
787	55	qswom76fvj30nbpg1i8n.jpg	18	2018-01-29 23:44:51.81147	2018-02-14 15:56:30.607729	f	\N
1457	55	m9vjj1nm2htal4cgoaqg.jpg	-3	2018-02-14 15:57:38.686203	2018-02-14 15:57:38.686215	t	\N
1466	55	kxd0luzdgakiq0vpgqma.jpg	-12	2018-02-14 15:58:36.425918	2018-02-14 15:58:36.425935	t	\N
860	59	yindslcmm0pbfdwwyosg.jpg	14	2018-01-31 20:39:52.764631	2018-02-14 19:51:07.077553	f	\N
1712	73	xcghx5leq3yoga9vkawo.jpg	3	2018-02-16 17:07:42.764559	2018-02-16 17:24:40.163222	t	\N
1703	73	ihsi4ghvnr7dolyvfngh.jpg	11	2018-02-16 17:06:18.13483	2018-02-16 17:24:40.220795	t	\N
1733	75	tydtmfdkuneleimgnoqn.jpg	7	2018-02-20 12:20:59.658522	2018-02-20 12:26:33.505569	t	\N
1757	76	ue8y9hmukolpi2nfssm4.jpg	2	2018-02-23 15:15:19.528407	2018-02-23 15:15:46.738654	f	\N
1750	76	ppur0pintsppckiueuns.jpg	8	2018-02-23 15:14:06.630048	2018-02-23 15:17:32.408401	t	\N
1742	76	ljxhnuwkc9sfzyutiy8s.jpg	14	2018-02-23 15:11:57.664378	2018-02-23 15:16:23.852674	t	\N
1762	77	onejpzi93stwptqo3v7y.jpg	10	2018-02-23 15:32:11.918757	2018-02-23 15:34:53.34537	f	\N
1306	70	wbszfajf612auyho6gn7.jpg	0	2018-02-07 04:05:47.934343	2018-03-22 21:43:18.730503	t	\N
1726	74	xok2xyi2j8ysow1mtf5t.jpg	27	2018-02-16 18:07:49.019427	2018-03-22 15:57:55.96207	t	\N
723	50	pw6it1zfk15dg396zndk.jpg	15	2018-01-27 18:16:44.32849	2018-01-27 18:27:17.736876	t	\N
755	51	ottcdlsriqbwyc0yrgzi.jpg	3	2018-01-27 18:51:21.954876	2018-01-27 18:51:49.686773	t	\N
750	51	rbcuf1vyz7caneoonbms.jpg	7	2018-01-27 18:49:38.759956	2018-01-27 18:51:49.701603	t	\N
882	60	xafa2i4uyg0opgx0fnkp.jpg	1	2018-02-01 13:48:17.787178	2018-02-01 13:48:27.769488	t	\N
823	57	fzycozjmbp2pkzvksjep.jpg	-3	2018-01-30 00:21:05.732932	2018-01-30 00:21:05.732944	t	\N
925	64	vtqd33k6wgov5az6ki26.jpg	6	2018-02-02 20:03:57.606097	2018-02-02 20:04:35.657568	t	\N
946	65	dgkfd9erqg3aq6dga4k2.jpg	-14	2018-02-05 00:05:24.802662	2018-02-05 00:06:40.416176	f	\N
955	66	grwprgbysht91mchtj3s.jpg	-6	2018-02-05 00:42:27.902546	2018-02-05 00:42:27.902555	t	\N
1136	58	rjby8dhfwykahzq6fzf7.jpg	0	2018-02-06 18:16:24.386168	2018-02-06 18:21:00.02637	t	\N
941	65	sk44ctdyurmlf3idcm1j.jpg	-9	2018-02-05 00:01:48.771063	2018-02-06 18:32:27.199546	f	\N
934	65	g3rfgtkw4luu66kw7ybb.jpg	-2	2018-02-05 00:00:05.840168	2018-02-06 18:32:35.286891	f	\N
932	65	jlin2vnvzdoagezda4v3.jpg	0	2018-02-04 23:56:23.950378	2018-02-06 18:32:36.787235	f	\N
1363	65	fupvbtgcn6m6u0co2hrz.jpg	2	2018-02-12 18:41:12.194005	2018-02-12 18:42:23.712422	t	\N
798	55	nrhuzddxibkrbvwq44dq.jpg	7	2018-01-29 23:46:56.458145	2018-02-14 15:56:25.300919	f	\N
768	52	a9gir9lkkxq3uzkcxdyh.jpg	3	2018-01-29 22:46:01.75512	2018-02-14 15:42:47.225866	f	\N
759	52	dravqllobkr5nnbr4fdw.jpg	10	2018-01-29 22:45:22.620284	2018-02-14 15:42:51.635686	f	\N
1307	70	oe2jp1qpkdhutw2uwgpd.jpg	2	2018-02-07 04:06:06.012403	2018-02-07 04:07:23.380968	t	\N
1336	71	uipj5sodezoe3wb5uvu6.jpg	-4	2018-02-08 02:29:04.496832	2018-02-08 02:29:04.496844	t	\N
1339	71	ohdd43ue2e67qnosueho.jpg	-7	2018-02-08 02:30:18.078587	2018-02-08 02:30:18.078598	t	\N
1275	68	lfqggrfkbrelu4yg9her.jpg	1	2018-02-06 18:53:06.783489	2018-02-06 19:07:08.231257	t	\N
1360	65	r6evmmt8gtnugmzk0yxp.jpg	-2	2018-02-08 22:42:16.881614	2018-02-12 17:33:56.725009	f	\N
789	55	zw48x3aoz7r7bilcehn0.jpg	16	2018-01-29 23:44:58.264317	2018-02-14 15:56:29.724191	f	\N
780	55	ua5ugh0ciopxqi1ijwmm.jpg	24	2018-01-29 23:43:45.228085	2018-02-14 15:56:34.217516	f	\N
1458	55	nh6kdggkxolr4gu76fqu.jpg	-4	2018-02-14 15:57:43.028537	2018-02-14 15:57:43.028551	t	\N
861	59	dta47oimpv8mtlpf34si.jpg	13	2018-01-31 20:40:01.860972	2018-02-14 19:51:06.694289	f	\N
1713	73	wndee2ol74n7jfpve9p1.jpg	2	2018-02-16 17:07:47.113982	2018-02-16 17:24:40.156621	t	\N
1704	73	pcmscxemnua9ldnfghpv.jpg	10	2018-02-16 17:06:21.287347	2018-02-16 17:24:40.21414	t	\N
1734	75	yhdyje6mzfe5stcxhfdy.jpg	6	2018-02-20 12:21:24.75575	2018-02-20 12:26:33.427771	t	\N
724	50	ihl3azn5vwqtwxdtz3kg.jpg	14	2018-01-27 18:17:29.732069	2018-01-27 18:27:17.733267	t	\N
781	55	oabt0dtw6zljnvbpru8n.jpg	23	2018-01-29 23:43:48.925743	2018-02-14 15:56:32.907991	f	\N
754	51	n3gee8pxjfsgcsjdkbpv.jpg	0	2018-01-27 18:51:06.991825	2018-01-27 18:51:50.246769	t	\N
1459	55	abspaq7rdsvbt4xssc3g.jpg	-5	2018-02-14 15:57:46.899004	2018-02-14 15:57:46.899015	t	\N
862	59	sy6fncgpcse0ku1dv4dn.jpg	12	2018-01-31 20:40:05.064249	2018-02-14 19:51:06.069394	f	\N
1723	74	rqr9x8nawgjyfxpxawgh.jpg	29	2018-02-16 18:06:34.220547	2018-03-22 15:56:00.114025	f	\N
1727	74	ux4lpntt9nmfgplvomlc.jpg	26	2018-02-16 18:07:51.719496	2018-03-22 15:57:56.064622	t	\N
824	57	navq7el28hvpimuqj6zo.jpg	-4	2018-01-30 00:21:15.031612	2018-01-30 00:21:15.031622	t	\N
903	62	vibh6m1e65zte38sitgf.jpg	4	2018-02-02 03:53:55.103648	2018-02-02 03:57:12.82462	t	\N
915	63	oz9gygt6elfds8q8bylh.jpg	5	2018-02-02 04:07:01.497762	2018-02-02 04:09:25.200782	t	\N
917	63	kf9rmkdk2kkwngbzijx2.jpg	3	2018-02-02 04:08:16.950625	2018-02-02 04:09:28.369053	t	\N
922	64	ndgosfh0l1ctmmc69k8o.jpg	9	2018-02-02 20:03:37.611644	2018-02-02 20:04:30.006076	t	\N
926	64	ca18ojgx1yaup6flyjtu.jpg	5	2018-02-02 20:04:02.004132	2018-02-02 20:04:36.504095	t	\N
957	66	zi9utof7x4jiq9pcv99h.jpg	-8	2018-02-05 00:42:42.141528	2018-02-05 00:42:42.141539	t	\N
959	66	svslmw6oqmfpjshsdsbo.jpg	-10	2018-02-05 00:42:57.318985	2018-02-05 00:42:57.318993	t	\N
1337	71	pdgvfaja8mutpqt6dwtr.jpg	-5	2018-02-08 02:29:23.666422	2018-02-08 02:29:23.666432	t	\N
1281	68	vro1w1jsgossfpxcbg9s.jpg	9	2018-02-06 18:56:02.199162	2018-02-06 19:04:50.544674	t	\N
1345	72	fla0zhsx73lvo9kzovjp.jpg	13	2018-02-08 02:40:06.109441	2018-02-08 02:44:14.133091	t	\N
1276	68	b4rpqgfnqfu31utqzvn3.jpg	0	2018-02-06 18:53:28.535836	2018-02-06 19:07:08.220673	t	\N
1119	58	rinnn6umy64xmurigvxg.jpg	8	2018-02-06 18:15:39.940432	2018-02-06 18:21:00.131286	t	\N
1117	58	gp8833jw91gxhnqzlarc.jpg	10	2018-02-06 18:15:09.122188	2018-02-06 18:21:00.163899	t	\N
1101	58	c6pwqej5ddojjtomldso.jpg	26	2018-02-06 18:13:06.845842	2018-02-06 18:21:00.546182	t	\N
933	65	wxts8oh1mzp6op4gax03.jpg	-1	2018-02-04 23:58:07.890643	2018-02-06 18:32:35.996131	f	\N
1364	65	ztrey3maywp8p5ptytur.jpg	3	2018-02-12 18:41:12.486696	2018-02-12 18:42:23.746373	t	\N
769	52	ind7uj7qb66y7ljypeuk.jpg	2	2018-01-29 22:46:05.78083	2018-02-14 15:42:46.683384	f	\N
760	52	pqxgzldhetdx2rcmquxc.jpg	9	2018-01-29 22:45:28.241481	2018-02-14 15:42:50.905747	f	\N
799	55	bjnu1svyllpfydabsclx.jpg	6	2018-01-29 23:47:01.408372	2018-02-14 15:56:24.756161	f	\N
790	55	mfmqmpmokhosywjowcpw.jpg	15	2018-01-29 23:45:09.782589	2018-02-14 15:56:29.300462	f	\N
1615	59	gkevmoxrscu2j2bm36z6.jpg	12	2018-02-14 19:52:15.359281	2018-02-14 19:54:37.943885	t	\N
1625	59	tzudeibzxjoa8vml99di.jpg	2	2018-02-14 19:53:39.534583	2018-02-14 19:54:42.399942	t	\N
885	61	ampaitlcnrtcmnmnk7br.jpg	12	2018-02-02 02:54:01.249281	2018-02-16 21:58:40.421717	t	\N
1619	59	zairm5s51hksyg1mqhml.jpg	8	2018-02-14 19:53:02.366475	2018-02-14 19:54:40.384273	t	\N
725	50	d7x7jlwftxy5m6ymoezk.jpg	12	2018-01-27 18:18:08.11166	2018-01-27 18:27:17.724869	t	\N
825	57	dq2dgazuuyqgw9ppglux.jpg	-5	2018-01-30 00:21:30.341608	2018-01-30 00:21:30.341619	t	\N
927	64	dxsronyumurnjzbudfdu.jpg	4	2018-02-02 20:04:08.232328	2018-02-02 20:04:38.774722	t	\N
1728	74	mqdl4t3pmzjjbq87pgho.jpg	25	2018-02-16 18:07:55.624932	2018-03-22 15:57:56.329361	t	\N
1308	70	vmsad2hif7obv1c0thpm.jpg	1	2018-02-07 04:07:08.042448	2018-03-22 21:43:18.75386	t	\N
948	66	bq6prvayfjqnsymxsjly.jpg	1	2018-02-05 00:41:19.236036	2018-02-05 00:41:19.236051	t	\N
958	66	hmubbg9odsncqu5a2mb7.jpg	-9	2018-02-05 00:42:46.724214	2018-02-05 00:42:46.724227	t	\N
1114	58	z2jdotmwq4ddso9jcxu9.jpg	13	2018-02-06 18:14:57.428256	2018-02-06 18:21:00.208441	t	\N
1109	58	maudbtoke2dggkor1xrt.jpg	18	2018-02-06 18:14:03.819559	2018-02-06 18:21:00.363673	t	\N
942	65	sva9qq5gu8mluj8rs0yu.jpg	-10	2018-02-05 00:01:50.020386	2018-02-06 18:32:26.511549	f	\N
935	65	rjwz0vybf1twwzn4fvrq.jpg	-3	2018-02-05 00:00:27.388766	2018-02-06 18:32:34.581895	f	\N
1269	69	yuq97qge4hjd6rny2sqn.jpg	2	2018-02-06 18:49:10.643932	2018-02-06 18:49:18.840902	f	\N
1277	68	shqsuklqhgetyssxpmbh.jpg	2	2018-02-06 18:53:57.029254	2018-02-06 18:57:40.970013	t	\N
1338	71	akjzaemenyltxbi9ijgf.jpg	-6	2018-02-08 02:29:42.01996	2018-02-08 02:29:42.01997	t	\N
761	52	uowqw1yl6tyappzmk6ko.jpg	0	2018-01-29 22:45:32.2785	2018-02-14 15:42:45.150235	f	\N
1398	52	agqrlsmnb1pok9xtg3av.jpg	9	2018-02-14 15:42:59.758548	2018-02-14 15:43:07.875842	t	\N
1351	72	kz3vzovkzz2lfe5gdzq6.jpg	8	2018-02-08 02:42:37.766692	2018-02-08 02:44:14.291198	t	\N
1365	65	nxpmabvluetadyefdudc.jpg	4	2018-02-12 18:41:12.68117	2018-02-12 18:42:40.086819	t	\N
797	55	thlxm5bxowjs6tmd7q45.jpg	8	2018-01-29 23:46:31.391427	2018-02-14 15:56:25.904862	f	\N
1460	55	q451t66fh6sljqxi72xl.jpg	-6	2018-02-14 15:57:54.871097	2018-02-14 15:57:54.871109	t	\N
867	59	yjun0pgqlbdaboen86ni.jpg	7	2018-01-31 20:41:14.254572	2018-02-14 19:51:03.435278	f	\N
863	59	udnn4bcohkw6o5qgrkvl.jpg	11	2018-01-31 20:40:10.349066	2018-02-14 19:51:05.522624	f	\N
1617	59	a6fmfd1b3rletdufaddg.jpg	10	2018-02-14 19:52:24.317301	2018-02-14 19:54:38.386632	t	\N
1706	73	zoh106xrjm3adkysei8z.jpg	8	2018-02-16 17:06:40.109792	2018-02-16 17:24:40.201061	t	\N
1735	75	vp8ccc8os1lhwgjc9duy.jpg	5	2018-02-20 12:21:26.356201	2018-02-20 12:26:33.376623	t	\N
1736	75	zzbadcjle0maneh3dhkp.jpg	2	2018-02-20 12:21:30.300511	2018-02-20 12:26:45.797136	t	\N
1740	75	vcieiryws9hlvlpi85j4.jpg	3	2018-02-20 12:26:30.990723	2018-02-20 12:26:45.829288	t	\N
1745	76	bqsxk131p3jwg4remvjv.jpg	11	2018-02-23 15:12:23.707297	2018-02-23 15:17:23.154164	t	\N
805	56	mhkcqw8x4z7p8ycwi718.jpg	12	2018-01-29 23:59:37.506712	2018-01-30 00:04:44.334206	t	\N
827	57	h54hz4benshugxvnf0ji.jpg	-7	2018-01-30 00:21:52.566095	2018-01-30 00:21:52.566106	t	\N
731	50	spw3sqezbdtdiqlp1pcp.jpg	7	2018-01-27 18:19:33.253875	2018-01-27 18:27:17.697947	t	\N
726	50	blceobhwgd43kmxwwcie.jpg	13	2018-01-27 18:18:16.808643	2018-01-27 18:27:17.728821	t	\N
868	59	iu7vvgdtu3abr9bhungn.jpg	6	2018-01-31 20:41:20.351003	2018-01-31 21:09:45.261987	t	\N
1707	73	vtomjlgwqrlkp4hgy10h.jpg	7	2018-02-16 17:07:19.527446	2018-02-16 17:24:40.193735	t	\N
1358	72	gquw7rdgkrdumrcvm8zo.jpg	2	2018-02-08 02:44:00.411874	2018-02-08 02:44:17.689341	t	\N
1729	74	zwbjpvdilwu4lq9jsblw.jpg	24	2018-02-16 18:07:56.075806	2018-03-22 15:57:59.9726	t	\N
913	63	vvourpraoxe3otctvl8h.jpg	0	2018-02-02 04:05:22.22122	2018-02-02 04:09:32.387731	t	\N
928	64	nixzdeg6qqvlgldu1m2k.jpg	3	2018-02-02 20:04:13.351221	2018-02-02 20:04:39.208173	t	\N
949	66	sju6sr6okeupaxlli4xc.jpg	0	2018-02-05 00:41:33.061295	2018-02-05 00:41:33.061302	t	\N
848	58	q5cets8an6zw0ikokf1o.jpg	12	2018-01-31 13:03:19.308018	2018-02-06 18:12:22.46438	f	\N
839	58	wt5dvbu4t1fam5iappbt.jpg	21	2018-01-31 13:01:49.47562	2018-02-06 18:12:27.184454	f	\N
833	58	olxmkvhuo8zrsxbobryk.jpg	26	2018-01-31 13:00:53.38039	2018-02-06 18:12:30.342674	f	\N
1115	58	qczw8owggcf4rhz0b6g7.jpg	12	2018-02-06 18:14:58.141787	2018-02-06 18:21:00.191464	t	\N
1110	58	cupnpz8cyucoajfpopt0.jpg	17	2018-02-06 18:14:14.967954	2018-02-06 18:21:00.315755	t	\N
943	65	gjhk1mqlr5qm6rdsw8ib.jpg	-11	2018-02-05 00:01:57.235392	2018-02-06 18:32:25.74663	f	\N
936	65	yzrs9x5dyfabmhxnckeg.jpg	-4	2018-02-05 00:00:33.65618	2018-02-06 18:32:33.747585	f	\N
1194	68	r85umkjn9llpjtjjltbr.jpg	8	2018-02-06 18:32:56.006088	2018-02-06 19:04:50.538403	t	\N
762	52	nvtlc94osmi0s3ach54i.jpg	8	2018-01-29 22:45:36.848853	2018-02-14 15:42:50.198366	f	\N
1621	59	jbmb2pyxqm8vc1n3ru3r.jpg	6	2018-02-14 19:53:06.670362	2018-02-14 19:54:40.527107	t	\N
1340	71	qbo6s1wtsx22kkbiv9lz.jpg	-8	2018-02-08 02:30:39.906358	2018-02-08 02:30:39.906367	t	\N
1349	72	fwyz0okswehfhyaq0496.jpg	10	2018-02-08 02:42:00.441387	2018-02-08 02:44:14.121936	t	\N
1461	55	w9s7flwmwamcqndreumq.jpg	-7	2018-02-14 15:58:02.772492	2018-02-14 15:58:02.772506	t	\N
1471	55	mmw9nce36s2kkfscgvk3.jpg	-17	2018-02-14 15:59:20.685014	2018-02-14 15:59:20.685026	t	\N
895	61	e1oeta9wf9zvlw0mlgp2.jpg	2	2018-02-02 02:55:41.631263	2018-02-16 21:58:40.259228	t	\N
1366	65	yvbfj8hdfa5kuh9wm1wf.jpg	1	2018-02-12 18:41:12.880418	2018-02-12 18:42:23.045526	t	\N
1367	65	uyqh35nzk13phlg74kk6.jpg	7	2018-02-12 18:41:25.813738	2018-02-12 18:42:37.247765	t	\N
864	59	yakb33pqsvvj5089jsc4.jpg	10	2018-01-31 20:40:12.083845	2018-02-14 19:51:04.976969	f	\N
892	61	undefined.undefined	4	2018-02-02 02:55:19.093565	2018-02-16 21:58:43.313681	t	\N
883	61	grt7nfxhgthdumkjjora.jpg	14	2018-02-02 02:53:22.693732	2018-02-16 21:58:40.441706	t	\N
1737	75	ce8uwprcybb7epac1buy.jpg	0	2018-02-20 12:21:37.497419	2018-02-20 12:26:37.574196	t	\N
1756	76	fild9h75rz4byl28vtpu.jpg	6	2018-02-23 15:15:01.94835	2018-02-23 15:17:06.391416	f	\N
1748	76	spkiwo37udrmuf4mebob.jpg	4	2018-02-23 15:13:23.817965	2018-02-23 15:16:43.580456	t	\N
1754	76	evwqhipxduqpcmyfauxz.jpg	1	2018-02-23 15:14:21.464107	2018-02-23 15:15:33.457019	t	\N
1746	76	glgsqaxewz8uoeoxklpu.jpg	10	2018-02-23 15:12:44.767643	2018-02-23 15:17:25.049438	t	\N
1764	77	oxu1gsqa87cje0s9fkbe.jpg	0	2018-02-23 15:32:21.481567	2018-02-23 15:35:07.810723	t	\N
732	50	ftutaqozvmfwmyv0llmy.jpg	6	2018-01-27 18:19:38.730576	2018-01-27 18:27:17.693645	t	\N
727	50	dpdh7vxn5fyyf7hpaapm.jpg	11	2018-01-27 18:18:48.447619	2018-01-27 18:27:17.720053	t	\N
806	56	q8ttxp4nypg3yhwnsffe.jpg	11	2018-01-29 23:59:50.400268	2018-01-30 00:04:44.329487	t	\N
828	57	gqj6vjqf0f3plo5ey8wa.jpg	-8	2018-01-30 00:21:53.797245	2018-01-30 00:24:14.558162	f	\N
865	59	notcig1mjnquahyq4yuy.jpg	9	2018-01-31 20:40:14.316271	2018-02-14 19:51:04.528821	f	\N
902	62	rp3xjwjlyhb2vckq0xur.jpg	5	2018-02-02 03:53:21.347226	2018-02-02 03:57:11.877209	t	\N
965	66	ecjwtzlmxthwvputsfhh.jpg	-16	2018-02-05 00:43:40.574631	2018-02-05 00:43:40.574643	t	\N
834	58	omgbe1lbuue2ynuhpaas.jpg	0	2018-01-31 13:01:00.103371	2018-02-06 18:12:14.593345	f	\N
849	58	c0qifuagbc1j3bk6zrzb.jpg	11	2018-01-31 13:03:26.678715	2018-02-06 18:12:21.845876	f	\N
840	58	je2imtv5smgbdhunll44.jpg	20	2018-01-31 13:01:49.642906	2018-02-06 18:12:26.697926	f	\N
1138	58	vdrbnch3bedlpzycqmii.jpg	1	2018-02-06 18:16:29.179072	2018-02-06 18:21:00.034576	t	\N
1129	58	dg3xok1xoojbjqi9n1km.jpg	5	2018-02-06 18:16:14.143626	2018-02-06 18:21:00.076801	t	\N
1120	58	b9smwpzf8kfvcjxqmgb0.jpg	7	2018-02-06 18:15:42.091044	2018-02-06 18:21:00.114474	t	\N
1102	58	g2zjkjrmvgh8duf2rojk.jpg	25	2018-02-06 18:13:11.377559	2018-02-06 18:21:00.500374	t	\N
947	65	s3wpsb2sdvqqv5vbrhxm.jpg	-15	2018-02-05 00:06:40.097405	2018-02-06 18:32:22.893813	f	\N
937	65	gofeetawgwjtrhr4h9ds.jpg	-5	2018-02-05 00:01:08.032977	2018-02-06 18:32:32.932422	f	\N
763	52	wgitii6frdb9iuxmam0r.jpg	7	2018-01-29 22:45:41.049758	2018-02-14 15:42:49.667798	f	\N
1463	55	bqx7gaevta6q9akjhxhk.jpg	-9	2018-02-14 15:58:27.543661	2018-02-14 15:58:27.543673	t	\N
1207	65	wuejyu9mvmu0rke1apcw.jpg	7	2018-02-06 18:34:32.867059	2018-02-08 22:40:49.9761	f	\N
1341	71	d6aleoqdsn7tjhk52yyz.jpg	-9	2018-02-08 02:31:23.626057	2018-02-08 02:31:23.626072	t	\N
1396	52	xhwzohic0qrmzmejpwre.jpg	10	2018-02-14 15:42:59.094145	2018-02-14 15:43:07.881931	t	\N
1405	52	lrwyoot7tjqykhupxzui.jpg	2	2018-02-14 15:43:01.606249	2018-02-14 15:43:12.622981	t	\N
1199	65	keet8fgvna0v9gbz7zqw.jpg	11	2018-02-06 18:33:51.107471	2018-02-12 17:26:24.799666	f	\N
1368	65	pcqgqlzefb1tm5nubjrd.jpg	9	2018-02-12 18:41:25.807916	2018-02-12 18:42:37.194526	t	\N
869	59	nkoscreljjtaiokto8tk.jpg	5	2018-01-31 20:41:25.909881	2018-02-14 19:51:02.920586	f	\N
884	61	kqeuodnh6ynaxygri4bg.jpg	13	2018-02-02 02:53:51.000652	2018-02-16 21:58:40.430493	t	\N
893	61	lljztkdijna9azijqymn.jpg	5	2018-02-02 02:55:21.721489	2018-02-16 21:58:43.333534	t	\N
764	52	sigao1e6hk1kjtetzbqp.jpg	6	2018-01-29 22:45:45.775251	2018-01-29 22:57:12.998118	f	\N
807	56	wvd0uahqstnbrh6nyngf.jpg	10	2018-01-30 00:00:19.676685	2018-01-30 00:04:44.323713	t	\N
730	50	vle1anzepcea1wajofdc.jpg	9	2018-01-27 18:19:16.983014	2018-01-27 18:27:17.711425	t	\N
720	50	a18ic9mtstfgfowbxovg.jpg	18	2018-01-27 18:14:46.411527	2018-01-27 18:27:17.755015	t	\N
829	57	l7ddtzbgeqclbj70i20u.jpg	-9	2018-01-30 00:21:58.605104	2018-01-30 00:21:58.605115	t	\N
830	57	w2zy08dfqxz4y6aeqtfd.jpg	-10	2018-01-30 00:24:15.501405	2018-01-30 00:24:15.501419	t	\N
904	62	vwjy1jh06jmarxsrleba.jpg	3	2018-02-02 03:54:31.678348	2018-02-02 03:57:18.128545	t	\N
907	63	xb1i2ljd9tkurhp8pdew.jpg	12	2018-02-02 04:02:13.458443	2018-02-02 04:09:20.809723	t	\N
916	63	oxst01zyjmtoe6cgruig.jpg	4	2018-02-02 04:07:52.794274	2018-02-02 04:09:26.073381	t	\N
918	63	lihildu9zdhcetajw2oq.jpg	2	2018-02-02 04:08:46.8345	2018-02-02 04:09:28.821446	t	\N
953	66	kxmwaydeuu8kb8oe0vof.jpg	-4	2018-02-05 00:42:04.166942	2018-02-05 00:42:04.166954	t	\N
1395	52	raxccvetqruh80kycxmw.jpg	11	2018-02-14 15:42:58.907008	2018-02-14 15:43:07.912891	t	\N
1208	65	cf7jcxgsri9kvewaeksz.jpg	14	2018-02-06 18:34:37.930784	2018-02-12 18:41:42.026718	t	\N
1404	52	z3klawrwpmll0h1oixbx.jpg	3	2018-02-14 15:43:01.537523	2018-02-14 15:43:12.49105	t	\N
1224	69	kypwymgxldoopu7zgerh.jpg	0	2018-02-06 18:44:14.869054	2018-02-06 18:49:14.078449	t	\N
850	58	u6fy4vpnjqff7jjxcg27.jpg	10	2018-01-31 13:03:27.054574	2018-02-06 18:12:21.322181	f	\N
841	58	hyab6i1uyb41chcoitae.jpg	19	2018-01-31 13:01:59.824563	2018-02-06 18:12:26.150071	f	\N
835	58	bomcciaswx7rziv0ghn5.jpg	25	2018-01-31 13:01:01.473798	2018-02-06 18:12:29.683464	f	\N
1132	58	gcb8gbaknrcrptxlpviq.jpg	3	2018-02-06 18:16:21.331111	2018-02-06 18:21:00.058531	t	\N
1107	58	ndl9fr8p0hjllisq6m5m.jpg	20	2018-02-06 18:13:48.832421	2018-02-06 18:21:00.397794	t	\N
938	65	bu5gl1vos3clqooygqwh.jpg	-6	2018-02-05 00:01:34.988143	2018-02-06 18:32:32.100878	f	\N
1200	68	ltyekjse2cma4jrbh1xn.jpg	7	2018-02-06 18:33:56.906503	2018-02-06 19:04:50.529816	t	\N
1231	69	iwprqpcgxgr43lmgahm8.jpg	1	2018-02-06 18:45:05.200025	2018-02-06 18:49:29.585502	t	\N
1369	65	ohprypiamungkjb3gu4s.jpg	8	2018-02-12 18:41:26.175974	2018-02-12 18:42:37.334475	t	\N
1342	71	f6hdei2olvrisv6notiw.jpg	-10	2018-02-08 02:31:43.383583	2018-02-08 02:31:43.38359	t	\N
1467	55	gqp0l5t2aez58brsvorm.jpg	-13	2018-02-14 15:58:49.645241	2018-02-14 15:58:49.645257	t	\N
1476	55	hrffvignaavhudeg2xdg.jpg	-22	2018-02-14 16:00:11.315942	2018-02-14 16:00:11.315953	t	\N
866	59	retjirtg32kddqqeygxw.jpg	8	2018-01-31 20:41:11.311367	2018-02-14 19:51:03.963171	f	\N
1622	59	h2hdz67p1jkjsap8vxsf.jpg	5	2018-02-14 19:53:20.368519	2018-02-14 19:54:40.638253	t	\N
1611	59	aygml0cecammpegqyxwy.jpg	14	2018-02-14 19:51:47.327203	2018-02-14 19:54:28.651245	t	\N
886	61	ertw7kzfr15k35b8i0wv.jpg	11	2018-02-02 02:54:11.144181	2018-02-16 21:58:40.413309	t	\N
1612	59	ozcz9t0ybq9sttxzuso1.jpg	13	2018-02-14 19:52:01.925063	2018-02-14 19:54:28.646916	t	\N
729	50	krlphzdqurqic9dicfhm.jpg	8	2018-01-27 18:19:09.063997	2018-01-27 18:27:17.706795	t	\N
808	56	m5alr4sonjudb5xzac7l.jpg	9	2018-01-30 00:00:35.862313	2018-01-30 00:04:44.316855	t	\N
905	62	d9ejiof6oaxxbpw4tvpa.jpg	2	2018-02-02 03:54:59.051541	2018-02-02 03:57:18.728634	t	\N
908	63	b7rmmdpzvi4ua4gpouwd.jpg	11	2018-02-02 04:02:53.12692	2018-02-02 04:09:20.804876	t	\N
919	63	zgz3enf8tucwnanif86d.jpg	1	2018-02-02 04:09:11.110498	2018-02-02 04:09:32.393711	t	\N
1251	69	hivbmzixwy3z5tvffgtx.jpg	5	2018-02-06 18:46:54.703523	2018-02-06 18:49:26.622822	t	\N
964	66	durior4rf4egiouyhgai.jpg	-15	2018-02-05 00:43:36.586299	2018-02-05 00:43:36.586312	t	\N
765	52	i9v5ysgqhvaskrocs7dl.jpg	6	2018-01-29 22:45:49.076041	2018-02-14 15:42:48.953266	f	\N
1356	72	aqinj3samjzyzcaalber.jpg	3	2018-02-08 02:43:43.344224	2018-02-08 02:44:17.693605	t	\N
851	58	yxk2aaru7juigzimx7y5.jpg	9	2018-01-31 13:04:11.297208	2018-02-06 18:12:20.739733	f	\N
842	58	mbpiloc5ncowihbcdkmv.jpg	18	2018-01-31 13:02:00.7821	2018-02-06 18:12:25.652259	f	\N
836	58	bvjxyjf6kwdjkjifmidm.jpg	24	2018-01-31 13:01:01.63973	2018-02-06 18:12:28.832924	f	\N
1111	58	kjsi8orglea5dszvtwag.jpg	16	2018-02-06 18:14:16.388226	2018-02-06 18:21:00.274666	t	\N
939	65	jqoxfhkvpev2jquwghha.jpg	-7	2018-02-05 00:01:43.310825	2018-02-06 18:32:28.736948	f	\N
1623	59	cpuxbj9n0n5vtrktpebq.jpg	4	2018-02-14 19:53:28.934482	2018-02-14 19:54:42.138734	t	\N
1209	65	pnulh5xoyabtmitsnro7.jpg	2	2018-02-06 18:34:49.634421	2018-02-08 22:39:00.368245	f	\N
1238	69	hxo8w7qagtmxintb5r7c.jpg	7	2018-02-06 18:46:03.751983	2018-02-06 18:49:21.985985	t	\N
1468	55	mlkonpmcelxtvoxxnm3c.jpg	-14	2018-02-14 15:59:01.020841	2018-02-14 15:59:01.020855	t	\N
1201	65	rdlrgjyq8x0te568opsr.jpg	3	2018-02-06 18:34:02.015196	2018-02-12 17:33:59.540263	f	\N
1477	55	oisfb62ph74kfkhhg4pi.jpg	-23	2018-02-14 16:00:34.907175	2018-02-14 16:00:34.907186	t	\N
1343	71	mro1juglbv1ppkqc4fn7.jpg	-11	2018-02-08 02:32:27.054693	2018-02-08 02:32:27.054706	t	\N
1370	65	ngkafjqyuame60zqurmm.jpg	6	2018-02-12 18:41:34.780365	2018-02-12 18:42:40.078221	t	\N
870	59	huyl5ic6jcy3h7mvifuz.jpg	4	2018-01-31 20:41:27.247863	2018-02-14 19:51:02.386038	f	\N
1708	73	xzyciodbbzcfdh4ziliy.jpg	6	2018-02-16 17:07:19.863687	2018-02-16 17:24:40.184261	t	\N
896	61	zquvjbpdddasmcn0haeq.jpg	0	2018-02-02 02:55:50.51663	2018-02-16 21:58:40.242	t	\N
894	61	x4yy4yicr9kp15bymrop.jpg	3	2018-02-02 02:55:29.830986	2018-02-16 21:58:40.275291	t	\N
887	61	z28qlevivckvphtwqh0l.jpg	10	2018-02-02 02:54:17.46028	2018-02-16 21:58:40.39905	t	\N
1738	75	qlanqxhkvclb4mh2kukw.jpg	1	2018-02-20 12:21:38.692513	2018-02-20 12:26:37.958809	t	\N
1749	76	tmchjph11kpitzomosrg.jpg	5	2018-02-23 15:13:33.444442	2018-02-23 15:16:52.414545	t	\N
1747	76	stjej8awzrjfzik55lv6.jpg	0	2018-02-23 15:12:45.647873	2018-02-23 15:15:31.731644	t	\N
1765	77	grqkdjggirxwmtklyhe6.jpg	9	2018-02-23 15:32:24.62155	2018-02-23 15:34:57.546211	t	\N
871	59	har8i1jefmf59galapqo.jpg	3	2018-01-31 20:41:29.020708	2018-01-31 21:09:45.245677	t	\N
733	50	ekhi8epvxz7pii5jafdk.jpg	5	2018-01-27 18:22:08.067247	2018-01-27 18:27:17.689739	t	\N
1469	55	rzho8ivas906orlfw6ph.jpg	-15	2018-02-14 15:59:04.632348	2018-02-14 15:59:04.632358	t	\N
809	56	bpuooaxuwifxqwwmt8jx.jpg	8	2018-01-30 00:00:36.456913	2018-01-30 00:04:44.306566	t	\N
751	51	w55qb1xwcfzr40xnum9r.jpg	6	2018-01-27 18:49:56.618334	2018-01-27 18:51:49.69814	t	\N
743	51	p3ulgmi7udynniafucq8.jpg	14	2018-01-27 18:47:29.59974	2018-01-27 18:51:49.726797	t	\N
756	51	tgncg3vrgweedoq23svu.jpg	2	2018-01-27 18:51:29.922175	2018-01-27 18:51:49.943713	t	\N
906	62	hrro6sld0fdccyfdm50e.jpg	1	2018-02-02 03:56:01.993355	2018-02-02 03:57:21.090783	t	\N
909	63	mrgkiov2kyvh87ftyern.jpg	10	2018-02-02 04:03:17.308919	2018-02-02 04:09:20.800012	t	\N
963	66	kqhfncitxdvp0tc1y0r6.jpg	-14	2018-02-05 00:43:32.158832	2018-02-05 00:43:32.15884	t	\N
837	58	kbirtwk3fpl47sjgttev.jpg	23	2018-01-31 13:01:02.665471	2018-02-06 18:12:28.267763	f	\N
1106	58	ryvxwajkvrrzobec981y.jpg	21	2018-02-06 18:13:42.987612	2018-02-06 18:21:00.417058	t	\N
944	65	uqvnhz2n1wykippogvlo.jpg	-12	2018-02-05 00:03:39.997832	2018-02-06 18:32:25.029062	f	\N
1202	68	wttn9kpqsvzzbcsfsobb.jpg	-1	2018-02-06 18:34:12.203667	2018-02-06 18:34:24.10227	f	\N
1233	69	rr5layfych0o6nptbugy.jpg	9	2018-02-06 18:45:26.372001	2018-02-06 18:49:13.578345	t	\N
1264	69	f66qgc8ehc35uq1m54rw.jpg	3	2018-02-06 18:48:16.015567	2018-02-06 18:49:29.18965	t	\N
1730	74	kuweqoz6bj0hdzamguwb.jpg	23	2018-02-16 18:08:00.192775	2018-03-22 15:57:59.967212	t	\N
1210	68	bjmemhjwx1r2bjizjcn1.jpg	6	2018-02-06 18:34:54.712633	2018-02-06 19:04:50.52352	t	\N
1344	71	sv77el0snxqb6nrtb1er.jpg	-12	2018-02-08 02:32:50.153955	2018-02-08 02:32:50.153963	t	\N
1371	65	brz8yh67tudg32fqa9vd.jpg	5	2018-02-12 18:41:35.026267	2018-02-12 18:42:40.098458	t	\N
766	52	x0g0dj6i5vmqnzru6zlb.jpg	5	2018-01-29 22:45:52.958347	2018-02-14 15:42:48.291469	f	\N
1399	52	xl5ry076nr2eppexglym.jpg	8	2018-02-14 15:42:59.834203	2018-02-14 15:43:07.874027	t	\N
1357	72	uamrfx1kgi8jzyzf8wnv.jpg	1	2018-02-08 02:43:45.164465	2018-02-08 02:44:14.466126	t	\N
1348	72	vhsjr8ijfmj0yjkgqlyy.jpg	0	2018-02-08 02:41:46.12759	2018-02-08 02:44:17.683502	t	\N
1613	59	x6kxcuttdvpkwkrdppfw.jpg	0	2018-02-14 19:52:12.797764	2018-02-14 19:54:34.623218	t	\N
1624	59	trtjkrewkdv77gmukc9x.jpg	3	2018-02-14 19:53:29.777613	2018-02-14 19:54:42.25206	t	\N
1709	73	l1uqlpzeo0liksbwkfwr.jpg	5	2018-02-16 17:07:25.843581	2018-02-16 17:24:40.177255	t	\N
897	61	eatybnot8z8qtekt31au.jpg	1	2018-02-02 02:55:57.34643	2018-02-16 21:58:40.248292	t	\N
888	61	nyzxfpao6cukkok0qdis.jpg	9	2018-02-02 02:54:24.505919	2018-02-16 21:58:40.377612	t	\N
1739	75	nlyr9idlfgejynbedcdj.jpg	4	2018-02-20 12:26:17.946984	2018-02-20 12:26:42.2471	t	\N
734	50	xqtrmv2dijnyin6puize.jpg	4	2018-01-27 18:22:11.172251	2018-01-27 18:27:17.686003	t	\N
773	54	hqidlwhkfomd4qob32rp.jpg	6	2018-01-29 23:06:26.084026	2018-01-29 23:07:25.692472	t	\N
810	56	ojdb1ypgh2ygmkpd44th.jpg	7	2018-01-30 00:01:09.909785	2018-01-30 00:04:44.299906	t	\N
820	57	ahjaem0ukpp7z3jinbvj.jpg	0	2018-01-30 00:19:57.318131	2018-01-30 00:19:57.318182	t	\N
752	51	fx8d7zvdsm2obo62l3nx.jpg	5	2018-01-27 18:50:19.141218	2018-01-27 18:51:49.694483	t	\N
746	51	rv3pcd05q4w5fyf2rddp.jpg	11	2018-01-27 18:48:22.133378	2018-01-27 18:51:49.716209	t	\N
744	51	mkviqobgxgckktq5bebi.jpg	13	2018-01-27 18:47:38.480936	2018-01-27 18:51:49.723126	t	\N
757	51	ujjicpmqaxqacwkjxak1.jpg	1	2018-01-27 18:51:30.10819	2018-01-27 18:51:50.250524	t	\N
898	62	kj8hcmeukiep6qrzmjn9.jpg	6	2018-02-02 03:52:06.648433	2018-02-02 03:56:56.358083	t	\N
910	63	dqxdmcmhaprjfhmftgoy.jpg	9	2018-02-02 04:03:59.913078	2018-02-02 04:09:20.795462	t	\N
954	66	lvinh8juytgm4x7c6qgw.jpg	-5	2018-02-05 00:42:07.995208	2018-02-05 00:42:07.995219	t	\N
838	58	uaelvtbg4qwfbn9m6ncg.jpg	22	2018-01-31 13:01:03.777544	2018-02-06 18:12:27.696026	f	\N
1130	58	wuzpvuefwqvlodhojgly.jpg	4	2018-02-06 18:16:16.88143	2018-02-06 18:21:00.067553	t	\N
1121	58	djufepnxfjxpucdsg7ju.jpg	6	2018-02-06 18:15:48.479592	2018-02-06 18:21:00.093191	t	\N
1112	58	brcfrxdpkd96ffji1vvj.jpg	15	2018-02-06 18:14:22.955269	2018-02-06 18:21:00.239864	t	\N
945	65	sigaxwguhysox3tjmkj1.jpg	-13	2018-02-05 00:03:48.077671	2018-02-06 18:32:23.838392	f	\N
1350	72	r9pm03uyc2mcmm2djb5o.jpg	9	2018-02-08 02:42:15.500895	2018-02-08 02:44:14.11842	t	\N
1710	73	enlnsma9zhalt9rnqu3t.jpg	0	2018-02-16 17:07:26.786402	2018-02-16 17:22:36.991591	t	\N
1203	65	glvjqcnw1ezb3sepx7i0.jpg	1	2018-02-06 18:34:15.736144	2018-02-08 22:42:30.503353	f	\N
1211	65	jx7sa2frasusqlvp9oaf.jpg	15	2018-02-06 18:35:00.879556	2018-02-12 18:41:42.140824	t	\N
1722	74	jgzvneo71oo7waasvwrt.jpg	-6	2018-02-16 18:06:31.134518	2018-02-16 18:07:32.410563	f	\N
770	52	hkqxkpsustv1oxritouw.jpg	1	2018-01-29 22:57:32.09738	2018-02-14 15:42:45.99839	f	\N
1226	69	pri45ngxyvgfv6nyn7sd.jpg	10	2018-02-06 18:44:39.838285	2018-02-06 18:49:21.513945	t	\N
1731	74	exqlbyorqukfis5qctbp.jpg	22	2018-02-16 18:08:12.188884	2018-03-22 15:57:59.983945	t	\N
1473	55	fl21zkgtzf55ihyzle3i.jpg	-19	2018-02-14 15:59:37.111414	2018-02-14 15:59:37.111427	t	\N
872	59	rmktonctyhsgv4b23yb8.jpg	0	2018-01-31 20:42:27.832534	2018-02-14 19:51:00.719245	f	\N
889	61	oygrp00ezw9vcdatwoee.jpg	8	2018-02-02 02:54:35.072929	2018-02-16 21:58:40.360532	t	\N
1751	76	z6vvz77pstanqkmxjvk3.jpg	7	2018-02-23 15:14:10.975674	2018-02-23 15:17:31.47816	t	\N
1614	59	an6u08bwmx8zrkb65n8t.jpg	1	2018-02-14 19:52:14.981933	2018-02-14 19:54:42.395185	t	\N
1767	77	aztlyt5hfxxqmffmzl9f.jpg	7	2018-02-23 15:33:51.083979	2018-02-23 15:35:01.03808	t	\N
1752	76	xqr4fkc6dlrfilwgvz9u.jpg	2	2018-02-23 15:14:17.534356	2018-02-23 15:16:25.778201	t	\N
1743	76	tr5g6mj0t2odmyu9jumm.jpg	13	2018-02-23 15:11:58.703744	2018-02-23 15:17:21.251516	t	\N
771	54	egmme1awubf9dhx5hf2b.jpg	8	2018-01-29 23:06:15.468001	2018-01-29 23:07:25.701958	t	\N
735	50	qyijyk5h7v3ow0seblux.jpg	3	2018-01-27 18:22:16.663192	2018-01-27 18:27:17.681968	t	\N
1616	59	ewmryvqze0s61ijpnw4v.jpg	11	2018-02-14 19:52:20.703614	2018-02-14 19:54:38.074668	t	\N
811	56	o7mobxw7fwvodrwctquo.jpg	3	2018-01-30 00:01:25.330076	2018-01-30 00:07:48.943	t	\N
826	57	nzjfsdchwuhwtbff9xtq.jpg	-6	2018-01-30 00:21:32.754083	2018-01-30 00:21:32.754091	t	\N
899	62	zjshhiyjs5mkzz89xmx2.jpg	8	2018-02-02 03:52:24.861631	2018-02-02 03:56:55.839028	t	\N
911	63	rolffc1iwtgm5duz4aei.jpg	8	2018-02-02 04:04:31.990534	2018-02-02 04:09:20.79063	t	\N
950	66	oayuj5v2dc19wps5206t.jpg	-1	2018-02-05 00:41:40.183063	2018-02-05 00:41:40.183073	t	\N
960	66	bxxqpztazccogxelgh0l.jpg	-11	2018-02-05 00:43:04.97304	2018-02-05 00:43:04.973049	t	\N
852	58	axetblju0i3keovz87ab.jpg	8	2018-01-31 13:04:25.538185	2018-02-06 18:12:20.169065	f	\N
843	58	lnlg26ngeafedlpctabd.jpg	17	2018-01-31 13:02:11.632598	2018-02-06 18:12:25.089628	f	\N
1118	58	u89g2u2mzge88cdzvbui.jpg	9	2018-02-06 18:15:20.010084	2018-02-06 18:21:00.156387	t	\N
1113	58	tebbu0mdhgjok16qp2ex.jpg	14	2018-02-06 18:14:55.431545	2018-02-06 18:21:00.222172	t	\N
1401	52	suaj2v9ebbvgzgsk51ry.jpg	6	2018-02-14 15:43:00.334747	2018-02-14 15:43:10.374398	t	\N
1403	52	zo96hrkyephyns2hwvxd.jpg	4	2018-02-14 15:43:01.349834	2018-02-14 15:43:10.78849	t	\N
1266	69	c6kuxs2dermbps7bzfjl.jpg	2	2018-02-06 18:48:44.374976	2018-02-06 18:49:29.599473	t	\N
1474	55	nqhxjj9ycdchg6khxju6.jpg	-20	2018-02-14 15:59:40.945565	2018-02-14 15:59:40.945577	t	\N
1352	72	crbnvboot4ynerxmmv9i.jpg	7	2018-02-08 02:42:42.909815	2018-02-08 02:44:14.28615	t	\N
1204	65	h8g6wvc63brwfq3lvlgs.jpg	11	2018-02-06 18:34:17.395465	2018-02-12 18:41:41.884442	t	\N
1724	74	vty7ajuykqbjwkte9be2.jpg	29	2018-02-16 18:06:56.013517	2018-03-22 15:57:55.970054	t	\N
1196	65	gtslgfhazbuc43ef8nyo.jpg	12	2018-02-06 18:33:27.381059	2018-02-12 18:41:41.940451	t	\N
1212	65	gqi5yu7jhi5rqd9xotyj.jpg	13	2018-02-06 18:35:01.383456	2018-02-12 18:41:41.98036	t	\N
873	59	dk8pnacfpwdasoij5rx5.jpg	2	2018-01-31 20:42:31.279645	2018-02-14 19:51:01.873169	f	\N
1705	73	rnqqgwaaafelexw10kmr.jpg	9	2018-02-16 17:06:21.767765	2018-02-16 17:24:40.207581	t	\N
890	61	fxk9xzeor2myjzbrglka.jpg	7	2018-02-02 02:55:01.530561	2018-02-16 21:58:40.335091	t	\N
1769	77	v1deqbbmqcwdjcewyatj.jpg	5	2018-02-23 15:34:13.514144	2018-02-23 15:35:02.771918	t	\N
1755	76	injtr2rmwca2jxmpb6o2.jpg	3	2018-02-23 15:14:36.388755	2018-02-23 15:16:25.831685	t	\N
1759	76	igheua4nqjrwvt67l7j1.jpg	-2	2018-02-23 15:15:46.114338	2018-02-23 15:15:55.255498	f	\N
772	54	f5p4c49xco84cg6fpgmu.jpg	7	2018-01-29 23:06:19.685144	2018-01-29 23:07:25.697465	t	\N
736	50	pezvog6wx2ksplh7tumz.jpg	2	2018-01-27 18:22:35.311888	2018-01-27 18:27:17.678067	t	\N
1618	59	aq5lmdftxfpq8koauxp5.jpg	9	2018-02-14 19:52:33.409142	2018-02-14 19:54:40.348914	t	\N
812	56	bfhyc0mi8vqn8npubhth.jpg	6	2018-01-30 00:01:26.631149	2018-01-30 00:07:48.71688	t	\N
818	56	iez6escjulahvpg3qwar.jpg	5	2018-01-30 00:02:30.31599	2018-01-30 00:07:48.871822	t	\N
900	62	d8lvqzfwasr6vkuylins.jpg	0	2018-02-02 03:52:41.594169	2018-02-02 03:57:21.08512	t	\N
912	63	q6bbio0tf1qgqghqxwmi.jpg	7	2018-02-02 04:04:52.841664	2018-02-02 04:09:20.786097	t	\N
951	66	afwl9vujykukjhpnrjl3.jpg	-2	2018-02-05 00:41:52.406597	2018-02-05 00:41:52.406607	t	\N
961	66	nzvs7spmlpddf0yxzv0t.jpg	-12	2018-02-05 00:43:11.843845	2018-02-05 00:43:11.843857	t	\N
1620	59	vvvjoacocic1djtvftnu.jpg	7	2018-02-14 19:53:05.651547	2018-02-14 19:54:40.43803	t	\N
1353	72	apajtu1pwzdzksob3wxj.jpg	6	2018-02-08 02:42:53.162026	2018-02-08 02:44:14.281024	t	\N
853	58	msw3gylltvy1eusyvuct.jpg	7	2018-01-31 13:04:35.541581	2018-02-06 18:12:19.585562	f	\N
844	58	mbdmmwvqdrpphilkq6wo.jpg	16	2018-01-31 13:02:12.764379	2018-02-06 18:12:24.583996	f	\N
1397	52	svfrdvv5mvsjvvoslobz.jpg	0	2018-02-14 15:42:59.305242	2018-02-14 15:43:12.953308	t	\N
1198	65	gzswvftyu3nzmzqrxj4p.jpg	9	2018-02-06 18:33:33.169007	2018-02-08 22:38:24.429843	f	\N
1406	52	dxxmdwihl2jfn0kiiivr.jpg	1	2018-02-14 15:43:01.736755	2018-02-14 15:43:12.959321	t	\N
1470	55	kdxke4vpkrg8r6jhxobm.jpg	-16	2018-02-14 15:59:14.426393	2018-02-14 15:59:14.42641	t	\N
1475	55	fyyuqzefah0x3ddhmwcp.jpg	-21	2018-02-14 15:59:47.779313	2018-02-14 15:59:47.779329	t	\N
1258	69	ioltlzjuq7mr1kc8nhwx.jpg	4	2018-02-06 18:47:25.967508	2018-02-06 18:49:26.691584	t	\N
1292	68	gqs4qyywt3mxme8rsyez.jpg	1	2018-02-06 18:57:06.309606	2018-02-06 18:57:43.571662	f	\N
1205	65	utycjelsityyhntaniam.jpg	2	2018-02-06 18:34:21.760241	2018-02-08 22:42:33.146618	f	\N
1213	68	hipncgmavekhlrer9ncr.jpg	5	2018-02-06 18:35:17.513842	2018-02-06 19:04:50.51666	t	\N
874	59	hfgvre17yz4pttlfap8b.jpg	1	2018-01-31 20:42:35.151427	2018-02-14 19:51:01.292626	f	\N
1714	73	wptzndygchtl2mvadbmf.jpg	1	2018-02-16 17:24:36.165894	2018-02-16 17:24:40.149048	t	\N
891	61	wdefuk97kgy7jsiapl5t.jpg	6	2018-02-02 02:55:12.836421	2018-02-16 21:58:40.319653	t	\N
1753	76	lhmq42zwzvsikevhgsen.jpg	9	2018-02-23 15:14:21.028424	2018-02-23 15:17:32.419882	t	\N
1744	76	zodvckutlxpgxhwsd5h7.jpg	12	2018-02-23 15:12:16.348329	2018-02-23 15:17:22.850857	t	\N
1770	77	mrmld6pzet1ehhmrh5j5.jpg	4	2018-02-23 15:34:25.874088	2018-02-23 15:35:05.460794	t	\N
774	54	re48wv9dfmifn7s3brsc.jpg	3	2018-01-29 23:06:38.99476	2018-01-29 23:07:25.884343	t	\N
875	60	tgv98px1lzythk9vj1gk.jpg	7	2018-02-01 13:47:49.252657	2018-02-01 13:48:27.801359	t	\N
901	62	abmyrs9wqwgjsgr0xp36.jpg	7	2018-02-02 03:52:59.730993	2018-02-02 03:56:56.362805	t	\N
952	66	iz2qxttjxxum0xbqhygb.jpg	-3	2018-02-05 00:41:58.717664	2018-02-05 00:41:58.717677	t	\N
854	58	yfnbojmmsnlj7kqqmerx.jpg	6	2018-01-31 13:04:38.325299	2018-02-06 18:12:18.924288	f	\N
845	58	w2xnssf3fwciunouhmzo.jpg	15	2018-01-31 13:02:49.402424	2018-02-06 18:12:24.047279	f	\N
1116	58	b1sljnuomv63iktj3sml.jpg	11	2018-02-06 18:14:59.5006	2018-02-06 18:21:00.172535	t	\N
737	50	yrmapvv8pdlawihmq5la.jpg	0	2018-01-27 18:22:46.801779	2018-01-27 18:27:17.670206	t	\N
739	50	kiw3nllqgutjjfei1opz.jpg	-1	2018-01-27 18:28:35.422718	2018-01-27 18:28:35.422725	t	\N
813	56	wskcmeagilpezpap1iek.jpg	2	2018-01-30 00:01:35.329761	2018-01-30 00:07:47.095323	t	\N
1402	52	s3hljw2wclc794091lrc.jpg	5	2018-02-14 15:43:01.322792	2018-02-14 15:43:10.517103	t	\N
783	55	gsdiw64yvzfgfkbxoaot.jpg	0	2018-01-29 23:43:52.235221	2018-02-14 15:56:20.475846	f	\N
801	55	blhzlbx5lkqhfy8s2u8p.jpg	4	2018-01-29 23:47:15.662669	2018-02-14 15:56:23.429918	f	\N
792	55	ahoyjdpjccyd76onv7jz.jpg	13	2018-01-29 23:45:40.98975	2018-02-14 15:56:28.314846	f	\N
1354	72	mojcq5vbqfwcrod0ehgn.jpg	5	2018-02-08 02:42:56.143504	2018-02-08 02:44:14.319315	t	\N
1206	65	mqkw4yzkxpypfwifgeaw.jpg	0	2018-02-06 18:34:31.048788	2018-02-08 22:42:26.673564	f	\N
1195	65	tpklbm7ifwyrtw0mg8p3.jpg	4	2018-02-06 18:33:21.339002	2018-02-12 17:34:10.750006	f	\N
1758	76	zlnophwnry6wvbtwzziq.jpg	-1	2018-02-23 15:15:35.298858	2018-02-23 15:16:18.150364	f	\N
1771	77	lmbphqgtphy3v71nigh9.jpg	3	2018-02-23 15:34:27.109225	2018-02-23 15:35:05.962071	t	\N
738	50	wrhqki1hpfph3dmt8lji.jpg	1	2018-01-27 18:22:51.563162	2018-01-27 18:27:17.674136	t	\N
775	54	krgpbrzkrz3tghiwhsjx.jpg	5	2018-01-29 23:06:49.628355	2018-01-29 23:07:25.687732	t	\N
876	60	q7o9fpkbgpfq2ym53ogv.jpg	6	2018-02-01 13:47:54.186573	2018-02-01 13:48:27.795316	t	\N
816	56	zarblde1o1qywrbvtmxn.jpg	0	2018-01-30 00:02:20.929574	2018-01-30 00:04:44.22225	t	\N
914	63	lumha5efmwsxmyirrz9t.jpg	6	2018-02-02 04:06:11.145408	2018-02-02 04:09:20.781026	t	\N
956	66	hfzhpmuzme6dtzld19b4.jpg	-7	2018-02-05 00:42:32.317876	2018-02-05 00:42:32.317895	t	\N
814	56	j2hy1jilhzmzybfcwzuk.jpg	4	2018-01-30 00:01:51.947198	2018-01-30 00:07:48.946909	t	\N
1721	74	kdrcysbpnwanxhtqu462.jpg	30	2018-02-16 18:06:30.740506	2018-03-22 15:57:55.974017	t	\N
855	58	hdwgeyqeft0srnlhnygn.jpg	5	2018-01-31 13:04:42.01722	2018-02-06 18:12:18.316654	f	\N
846	58	ch0c2k8pasrgnaqpli3l.jpg	14	2018-01-31 13:03:05.526432	2018-02-06 18:12:23.541434	f	\N
1214	68	dd3nae4rorwctshsbawo.jpg	4	2018-02-06 18:36:15.570438	2018-02-06 19:04:50.510079	t	\N
1355	72	i1zik3oshib9h4dxkoal.jpg	4	2018-02-08 02:43:26.012357	2018-02-08 02:44:14.333493	t	\N
804	55	usebzieq3doyii1fix9a.jpg	1	2018-01-29 23:47:54.644628	2018-02-14 15:56:21.311339	f	\N
802	55	ysa1aky9jlhjk75gel76.jpg	3	2018-01-29 23:47:28.411775	2018-02-14 15:56:22.742491	f	\N
793	55	jvb5jnbhlieoovtzq9mg.jpg	12	2018-01-29 23:45:48.78071	2018-02-14 15:56:27.826926	f	\N
784	55	mspiee3wt94iamsgo0ci.jpg	21	2018-01-29 23:43:58.134434	2018-02-14 15:56:32.07109	f	\N
1456	55	agehoigsrqmzbigohqrq.jpg	-2	2018-02-14 15:57:34.365616	2018-02-14 15:57:34.365629	t	\N
1465	55	zfcono9xodvtvjpgii7o.jpg	-11	2018-02-14 15:58:35.724094	2018-02-14 15:58:35.724106	t	\N
1760	77	hmp1rgwmmwetbr7d6t1f.jpg	12	2018-02-23 15:32:09.629726	2018-02-23 15:34:55.012512	t	\N
1766	77	twyxujqjfs1pzudpfpwk.jpg	8	2018-02-23 15:33:50.797084	2018-02-23 15:34:59.335543	t	\N
1773	77	jjoperhwkwjyoauuvxt2.jpg	1	2018-02-23 15:34:44.802198	2018-02-23 15:35:07.822964	t	\N
717	50	mvzfgttdixyisvmudji5.jpg	21	2018-01-27 18:12:28.48709	2018-01-27 18:27:17.768375	t	\N
776	54	hnchx3geetvsrdhirs3t.jpg	4	2018-01-29 23:06:54.669825	2018-01-29 23:07:25.888837	t	\N
740	51	pyrjgatvoykbaruq62i8.jpg	16	2018-01-27 18:46:17.973279	2018-01-27 18:51:49.734472	t	\N
877	60	mb0xwbcctputcycomsjs.jpg	5	2018-02-01 13:47:57.916185	2018-02-01 13:48:27.789999	t	\N
815	56	wrvjgk8dogitanpeufzf.jpg	1	2018-01-30 00:02:07.905105	2018-01-30 00:04:45.534169	t	\N
831	57	s1ptzimxql1lgekxkbnt.jpg	-11	2018-01-30 00:24:28.938841	2018-01-30 00:24:28.938849	t	\N
1197	65	ff62bxtsngdtz29asj4x.jpg	10	2018-02-06 18:33:31.805952	2018-02-12 18:41:41.864573	t	\N
856	58	w6eaeupkkihynlwvezfm.jpg	4	2018-01-31 13:04:57.112635	2018-02-06 18:12:17.674394	f	\N
847	58	gksgqc8cue9uvpvchqzn.jpg	13	2018-01-31 13:03:18.528442	2018-02-06 18:12:22.94866	f	\N
929	64	aal6jfpkmtgoyrnubch0.jpg	2	2018-02-02 20:04:17.605544	2018-02-02 20:04:41.304526	t	\N
920	64	lovikbuc7paslgcf9da0.jpg	0	2018-02-02 20:03:17.665275	2018-02-02 20:04:41.388059	t	\N
962	66	cttpu4zgcxa9vt6ovkhj.jpg	-13	2018-02-05 00:43:21.066673	2018-02-05 00:43:21.066681	t	\N
1103	58	udz4c503yg6aq6349qwg.jpg	24	2018-02-06 18:13:17.077259	2018-02-06 18:21:00.466569	t	\N
1400	52	zej9mbp1ofext7lxqpet.jpg	7	2018-02-14 15:43:00.048972	2018-02-14 15:43:08.088148	t	\N
803	55	wg4pcgnugckw4oul4gvk.jpg	2	2018-01-29 23:47:31.331823	2018-02-14 15:56:22.044659	f	\N
794	55	cefsvfthdq40tge7ibcg.jpg	11	2018-01-29 23:45:52.524452	2018-02-14 15:56:27.326868	f	\N
785	55	rthgcuamd3p714ivzzeg.jpg	20	2018-01-29 23:44:04.075527	2018-02-14 15:56:31.551524	f	\N
1453	55	ak2iqklpm4kqiredvbct.jpg	1	2018-02-14 15:57:11.186309	2018-02-14 15:57:11.186319	t	\N
1462	55	vvp4hu6pze2xtlli64qk.jpg	-8	2018-02-14 15:58:23.10442	2018-02-14 15:58:23.104434	t	\N
1234	69	w5boipm3ziqlgdoj1qov.jpg	8	2018-02-06 18:45:46.286099	2018-02-06 18:49:21.550788	t	\N
1717	74	z2vt78iislv1ceamwa8x.jpg	33	2018-02-16 18:03:52.326297	2018-03-22 15:56:17.223864	f	\N
1719	74	fjrrpd7i8rk3en0uhnkg.jpg	31	2018-02-16 18:05:58.63006	2018-03-22 15:56:07.059916	f	\N
1711	73	p4zsmwqwglsh3ynkjsqi.jpg	4	2018-02-16 17:07:32.795698	2018-02-16 17:24:40.169689	t	\N
1702	73	icpkiv1wipqaezbpverr.jpg	12	2018-02-16 17:06:01.862747	2018-02-16 17:24:40.227468	t	\N
1359	65	jwuhmcwzcu0pnlnj5w5b.jpg	-1	2018-02-08 22:42:16.463261	2018-02-12 17:33:58.465706	f	\N
1732	75	tib8odybgwhnprnnk6hg.jpg	8	2018-02-20 12:20:36.488109	2018-02-20 12:26:33.561333	t	\N
1763	77	sfuyxeychecwkzfixhuj.jpg	11	2018-02-23 15:32:14.318801	2018-02-23 15:34:51.636366	t	\N
1761	77	ovmnas4onqckca1tjq0e.jpg	10	2018-02-23 15:32:11.422669	2018-02-23 15:34:54.982048	t	\N
1768	77	vdutwojh63av8ujqjzlz.jpg	6	2018-02-23 15:33:53.831417	2018-02-23 15:35:01.290217	t	\N
1772	77	hk8mfm2sycuzvypz0ulz.jpg	2	2018-02-23 15:34:30.288049	2018-02-23 15:35:07.759354	t	\N
1741	76	skqf9sre4wbexzr81uvl.jpg	6	2018-02-23 15:11:51.022397	2018-02-23 15:17:29.509398	t	\N
777	54	akut6orvf2lcvznyyk2t.jpg	2	2018-01-29 23:07:03.984931	2018-01-29 23:07:25.67394	t	\N
718	50	d4iemleuznuvcqk9govd.jpg	20	2018-01-27 18:12:51.779767	2018-01-27 18:27:17.763127	t	\N
878	60	rrkogfykqqfozkxofx0z.jpg	4	2018-02-01 13:48:02.612392	2018-02-01 13:48:27.784664	t	\N
749	51	wanqxo41qdiu5ysz451h.jpg	8	2018-01-27 18:49:32.767672	2018-01-27 18:51:49.705207	t	\N
748	51	gklke4viehweq2rstsil.jpg	12	2018-01-27 18:48:43.616398	2018-01-27 18:51:49.719683	t	\N
741	51	dxaddtjt3wa2ejegb4ed.jpg	17	2018-01-27 18:46:29.197873	2018-01-27 18:51:49.738045	t	\N
1454	55	fwy4g6u5uc80k4uh4wgi.jpg	0	2018-02-14 15:57:19.159697	2018-02-14 15:57:19.159713	t	\N
786	55	anijgs3ouz5alegsasow.jpg	19	2018-01-29 23:44:47.02567	2018-02-14 15:56:31.090251	f	\N
788	55	wi3oukhitlss1v4kppci.jpg	17	2018-01-29 23:44:56.720087	2018-02-14 15:56:30.170301	f	\N
795	55	bsmwsgor5lznmnpabbsd.jpg	10	2018-01-29 23:46:13.97011	2018-02-14 15:56:26.893966	f	\N
817	56	yveg5uw18f5cr7b5kb1g.jpg	-11	2018-01-30 00:02:28.170399	2018-01-30 00:04:42.079136	f	\N
921	64	mwu3dgurpyqzceyf1rsl.jpg	10	2018-02-02 20:03:30.287574	2018-02-02 20:04:29.800508	t	\N
930	64	i6smaw09rm0cx3vyakbh.jpg	1	2018-02-02 20:04:22.895191	2018-02-02 20:04:41.392924	t	\N
1725	74	tta0n15linjscf91jl7m.jpg	28	2018-02-16 18:07:40.332596	2018-03-22 15:57:55.965638	t	\N
1720	74	aeakyujzou0octdbejby.jpg	31	2018-02-16 18:06:06.67922	2018-03-22 15:57:55.840245	t	\N
1718	74	biuj4peu9zih5fvdrxur.jpg	32	2018-02-16 18:03:59.344257	2018-03-22 15:57:55.843978	t	\N
857	58	phj7ojxnpjejypch5cfn.jpg	3	2018-01-31 13:05:31.563111	2018-02-06 18:12:17.036555	f	\N
1104	58	yghnnrkweedpvjmda3gw.jpg	23	2018-02-06 18:13:19.863962	2018-02-06 18:21:00.451674	t	\N
719	50	tfiyimezwyjfjpctkkrc.jpg	19	2018-01-27 18:12:55.070226	2018-01-27 18:27:17.759092	t	\N
822	57	oqozqgj1xjmz8hcfbpfb.jpg	-2	2018-01-30 00:20:38.273302	2018-01-30 00:20:38.273374	t	\N
1105	58	yet6tdim0jzn0br5aaos.jpg	22	2018-02-06 18:13:38.294188	2018-02-06 18:21:00.42808	t	\N
1331	71	hzhvbc87h921ytwxx9hk.jpg	1	2018-02-08 02:26:26.054968	2018-02-08 02:26:26.054975	t	\N
1346	72	onm2x3zjqh4npksr5b8n.jpg	12	2018-02-08 02:40:24.87474	2018-02-08 02:44:14.129564	t	\N
779	54	ykrckawylmwdjdjefolr.jpg	0	2018-01-29 23:07:20.122865	2018-01-29 23:07:25.664412	t	\N
721	50	v5i5k1fi7h2zqs3d9n1f.jpg	17	2018-01-27 18:15:09.72784	2018-01-27 18:27:17.750781	t	\N
747	51	ssy5ma66pynhempwn5yf.jpg	9	2018-01-27 18:48:33.018425	2018-01-27 18:51:49.708866	t	\N
742	51	nwyn1p3ll94s2qnnljaf.jpg	15	2018-01-27 18:46:31.67514	2018-01-27 18:51:49.730499	t	\N
880	60	ah99xmqecsg48cwvukun.jpg	2	2018-02-01 13:48:08.658156	2018-02-01 13:48:27.77445	t	\N
1455	55	rou9zzatccyefbzbeehh.jpg	-1	2018-02-14 15:57:25.183364	2018-02-14 15:57:25.183376	t	\N
879	60	o0ljgixjqk0xpkcs3pep.jpg	3	2018-02-01 13:48:05.900192	2018-02-01 13:48:27.779506	t	\N
782	55	m9ixj2cdgnr6qbtyhfg8.jpg	22	2018-01-29 23:43:50.120252	2018-02-14 15:56:32.511025	f	\N
791	55	dc2uehbwkf4wpadk0b66.jpg	14	2018-01-29 23:45:16.334035	2018-02-14 15:56:28.78956	f	\N
819	57	dkmytsratmmscrzvvvrj.jpg	1	2018-01-30 00:19:41.496044	2018-01-30 00:19:41.49606	t	\N
832	57	qbvn3eaknmn1scoa5031.jpg	-12	2018-01-30 00:24:38.760912	2018-01-30 00:24:38.76092	t	\N
923	64	ms8eit2wcdqltaa3pw3i.jpg	8	2018-02-02 20:03:44.866516	2018-02-02 20:04:33.438285	t	\N
858	58	cz9ytkthhdmd0f9mt2wy.jpg	2	2018-01-31 13:05:33.621421	2018-02-06 18:12:16.274323	f	\N
1133	58	fpsplaavfng8wczrkbpe.jpg	2	2018-02-06 18:16:21.507549	2018-02-06 18:21:00.047802	t	\N
1108	58	nmvoyyzgewstjb08hhtp.jpg	19	2018-02-06 18:13:52.891221	2018-02-06 18:21:00.382835	t	\N
1246	69	ysijjwxw2unue4cqjry1.jpg	6	2018-02-06 18:46:23.142704	2018-02-06 18:49:24.390083	t	\N
1332	71	jzpvyh1q84ra1kowxgrx.jpg	0	2018-02-08 02:26:53.442735	2018-02-08 02:26:53.442747	t	\N
1334	71	t0wcfm977ttn3nazttm3.jpg	-2	2018-02-08 02:27:52.004668	2018-02-08 02:27:52.004675	t	\N
1347	72	fcopf7sbtj4bymqcwfct.jpg	11	2018-02-08 02:41:22.009167	2018-02-08 02:44:14.126071	t	\N
800	55	ksnhflzosppyhwqikntc.jpg	5	2018-01-29 23:47:02.415341	2018-02-14 15:56:24.164477	f	\N
1464	55	bbuddaqawauornyyr2ut.jpg	-10	2018-02-14 15:58:35.493269	2018-02-14 15:58:35.493366	t	\N
1472	55	m9whpro4joy4wb8quaqu.jpg	-18	2018-02-14 15:59:29.131982	2018-02-14 15:59:29.131993	t	\N
1789	78	hgusl6qjq4oyzqkdvynj.jpg	-1	2018-02-25 16:47:57.078855	2018-02-25 16:47:57.078867	t	\N
1784	78	jlwws1wtyjwtzzugkmck.jpg	2	2018-02-25 16:45:15.025817	2018-02-25 16:47:05.730767	t	\N
1779	78	h8ymmr9pbnbnmehiiqqi.jpg	3	2018-02-25 16:43:45.336225	2018-02-25 16:46:47.147885	f	\N
1782	78	bfikq7nwmdivwnx6yi2q.jpg	4	2018-02-25 16:44:36.090336	2018-02-25 16:47:10.740283	t	\N
1781	78	eabch8vzv3lt2kirk360.jpg	5	2018-02-25 16:44:15.432695	2018-02-25 16:47:11.036693	t	\N
1780	78	u6dapsfgicmilvnvrcla.jpg	6	2018-02-25 16:44:02.749501	2018-02-25 16:47:13.242776	t	\N
1777	78	yre0xp0bfcsxaiy1835s.jpg	8	2018-02-25 16:43:31.707765	2018-02-25 16:47:17.0584	t	\N
1776	78	nstxx8shkzzyaskxf5jz.jpg	9	2018-02-25 16:43:22.650858	2018-02-25 16:47:17.264689	t	\N
1775	78	culddygo9pyfsnnnrugc.jpg	10	2018-02-25 16:43:20.465164	2018-02-25 16:47:19.434564	t	\N
1774	78	xs3thccjwn0wxgbsfbdx.jpg	11	2018-02-25 16:42:50.650621	2018-02-25 16:47:22.658044	t	\N
1785	78	xn5kvwa7r8uwp6uf0umz.jpg	0	2018-02-25 16:45:20.028569	2018-02-25 16:47:53.602143	t	\N
1783	78	w8habsu4fom4xdeziy23.jpg	3	2018-02-25 16:45:13.187454	2018-02-25 16:47:08.34752	t	\N
1778	78	n7imcbjpm7iqwdd2gjmv.jpg	7	2018-02-25 16:43:34.960723	2018-02-25 16:47:14.567868	t	\N
1787	78	frpay34l4vyrmpa4x8lh.jpg	4	2018-02-25 16:45:33.062159	2018-02-25 16:46:49.856301	f	\N
1788	78	aamtbfyollhg1zwia1zb.jpg	12	2018-02-25 16:45:33.583065	2018-02-25 16:47:22.664472	t	\N
1786	78	nf87xayeyr168idxyxeu.jpg	1	2018-02-25 16:45:20.694209	2018-02-25 16:47:53.608586	t	\N
1801	79	sfravcyiedlps2ypmy83.jpg	6	2018-02-25 17:18:27.396891	2018-02-25 17:24:43.00486	t	\N
1794	79	sebsrg3b2lbe9zmzdqae.jpg	12	2018-02-25 17:16:39.571998	2018-02-25 17:24:43.089628	t	\N
1793	79	pjosipbuarpsn2h6dhhe.jpg	13	2018-02-25 17:16:22.812329	2018-02-25 17:24:43.101515	t	\N
1791	79	mfu5yu0f13ctwsl2vouj.jpg	15	2018-02-25 17:15:57.564641	2018-02-25 17:24:43.116845	t	\N
1804	79	qg8eeuxjrrgkltdqq0h3.jpg	3	2018-02-25 17:18:57.425839	2018-02-25 17:24:44.335533	t	\N
1805	79	trotrrxq3dpvhtiyxdqg.jpg	2	2018-02-25 17:19:05.11213	2018-02-25 17:24:46.08728	t	\N
3812	95	lwqshb0ebmyosnw7xdqa.jpg	23	2018-05-02 15:01:12.451305	2018-05-02 15:28:21.035392	t	\N
1790	79	hxizbowkffypxbhjvmlm.jpg	16	2018-02-25 17:15:57.347027	2018-02-25 17:24:43.129009	t	\N
3813	95	u0dwz0asihhfnxg6dhpk.jpg	24	2018-05-02 15:01:13.37207	2018-05-02 15:28:21.047067	t	\N
1806	79	h9wbgwwdwu4o0wltewud.jpg	0	2018-02-25 17:19:08.529469	2018-02-25 17:24:42.932657	t	\N
1795	79	evgca5xxglvmaexmav8z.jpg	11	2018-02-25 17:16:45.996155	2018-02-25 17:24:43.062912	t	\N
1792	79	p56vwvojayxhmyqw9up2.jpg	14	2018-02-25 17:16:15.322483	2018-02-25 17:24:43.108916	t	\N
1803	79	y1xeq1wflvldgf3lz29o.jpg	4	2018-02-25 17:18:42.584134	2018-02-25 17:24:43.91386	t	\N
3814	95	kggjkx9dbbsevbskhpqt.jpg	12	2018-05-02 15:01:16.19297	2018-05-02 15:28:51.639451	t	\N
3815	95	zfcmxsjtbzgased3wzs8.jpg	11	2018-05-02 15:01:19.161558	2018-05-02 15:28:54.959072	t	\N
1796	79	zlbvvlf4gwdotyk8qupg.jpg	10	2018-02-25 17:17:23.478898	2018-02-25 17:24:43.049179	t	\N
3816	95	h0flcpsaq7tqxeima5lc.jpg	25	2018-05-02 15:01:19.341452	2018-05-02 15:28:08.81544	t	\N
1798	79	l4f6i3ripbomp4ypl8xg.jpg	8	2018-02-25 17:17:34.709695	2018-02-25 17:24:43.03391	t	\N
1797	79	t1svhkqbiw2dnpp50txj.jpg	9	2018-02-25 17:17:26.466019	2018-02-25 17:24:43.040567	t	\N
3817	95	b507zb0rpy2d7yxd8j5l.jpg	3	2018-05-02 15:01:19.682004	2018-05-02 15:28:42.5154	t	\N
3819	95	rztokzlapynoexme50ao.jpg	10	2018-05-02 15:01:21.467161	2018-05-02 15:28:54.947567	t	\N
1799	79	awpt3x8mizevjeotn0oi.jpg	7	2018-02-25 17:17:35.343908	2018-02-25 17:24:43.017794	t	\N
1800	79	fu1e9epr23y1ivkfwbwr.jpg	1	2018-02-25 17:18:09.061446	2018-02-25 17:24:46.080096	t	\N
3818	95	biix1hrrrlo7ut1ioihf.jpg	8	2018-05-02 15:01:21.361212	2018-05-02 15:28:55.431324	t	\N
4252	88	zczgfb5e9r0pofeo5cv0.jpg	11	2018-05-09 20:18:58.729282	2018-05-09 20:20:44.367654	t	\N
4260	88	hh7rejg9senyvudtpijv.jpg	2	2018-05-09 20:19:23.719411	2018-05-09 20:20:09.696476	t	\N
4250	88	blxl62em5gwxqyevnnjk.jpg	7	2018-05-09 20:18:55.65436	2018-05-09 20:20:44.610483	t	\N
4262	88	xjvzx6vwvlr7p2yrmn1e.jpg	5	2018-05-09 20:19:30.077814	2018-05-09 20:20:19.56099	t	\N
4256	88	qxdxgpedjm1zp2klyhuf.jpg	1	2018-05-09 20:19:13.264753	2018-05-09 20:20:07.112562	t	\N
4248	88	s5mrwo0vnmk4ucbgoaky.jpg	14	2018-05-09 20:18:55.153428	2018-05-09 20:20:40.016821	t	\N
4254	88	zew62odgkvofsny0zndu.jpg	15	2018-05-09 20:19:07.185755	2018-05-09 20:20:40.029807	t	\N
4258	88	ne8zpfadplcvdpb7kusi.jpg	12	2018-05-09 20:19:17.777816	2018-05-09 20:20:42.752815	t	\N
1815	80	ontffnrriqdn90f9te0y.jpg	11	2018-02-26 12:37:33.844373	2018-02-26 12:38:21.038903	t	\N
1802	79	i3nfvetwbnspram79edv.jpg	5	2018-02-25 17:18:30.707831	2018-02-25 17:24:43.109512	t	\N
1812	80	we9orgdnmdj3eaqxbyn9.jpg	12	2018-02-26 12:36:44.411018	2018-02-26 12:38:21.046167	t	\N
1808	80	ul20pbnifdnxfpd8pfwm.jpg	13	2018-02-26 12:36:01.99143	2018-02-26 12:38:21.053143	t	\N
1832	81	ahofehpcebr8r7rcz2mx.jpg	0	2018-02-27 03:03:13.737211	2018-02-27 03:03:17.129218	t	\N
1822	81	ta4d1ppb5taliauciyor.jpg	2	2018-02-27 02:59:48.614666	2018-02-27 03:03:17.134345	t	\N
1831	81	rrddvannftfdbphiwqj2.jpg	3	2018-02-27 03:01:27.168324	2018-02-27 03:03:17.138218	t	\N
1830	81	gjuqdk4vagtctk1ncirb.jpg	4	2018-02-27 03:01:19.461256	2018-02-27 03:03:17.142044	t	\N
1829	81	uncwr65ohluh0v6zce0e.jpg	5	2018-02-27 03:01:14.324306	2018-02-27 03:03:17.147581	t	\N
1828	81	cvb4gzkiedvyq469fpow.jpg	6	2018-02-27 03:00:53.978799	2018-02-27 03:03:17.152347	t	\N
1827	81	bxsbbfp37tnaia6bzouw.jpg	7	2018-02-27 03:00:43.83177	2018-02-27 03:03:17.156404	t	\N
1826	81	wegznyvz9yny0lrzsim0.jpg	8	2018-02-27 03:00:42.158265	2018-02-27 03:03:17.160129	t	\N
1821	81	pz5oupyvl7gluxyvs8kq.jpg	9	2018-02-27 02:59:45.823258	2018-02-27 03:03:17.16413	t	\N
1825	81	copdsgm0fbwtk4yacqpz.jpg	6	2018-02-27 03:00:34.026038	2018-02-27 03:01:55.263448	f	\N
1818	80	smy2c8ljbz5ezywpsbsp.jpg	5	2018-02-26 12:38:15.028984	2018-02-26 12:38:42.905	t	\N
1820	80	bzcmwlv81xozhcodkmfq.jpg	6	2018-02-26 12:38:17.089094	2018-02-26 12:38:42.912813	t	\N
1814	80	qwenqlbdeyitlqxqvol1.jpg	0	2018-02-26 12:37:29.426599	2018-02-26 12:38:55.956569	t	\N
1813	80	wyuqpfcvdurznbzrvhia.jpg	1	2018-02-26 12:37:24.942091	2018-02-26 12:38:57.257176	t	\N
1824	81	hkfxj9haqyb99lcvvxbm.jpg	1	2018-02-27 03:00:25.611146	2018-02-27 03:02:04.547363	f	\N
1816	80	ng9lrtdxsvrcojohniq8.jpg	2	2018-02-26 12:37:38.935164	2018-02-26 12:39:00.341609	t	\N
1817	80	w7vouh0jusbw58gzjepr.jpg	3	2018-02-26 12:37:56.896477	2018-02-26 12:39:01.351371	t	\N
1819	80	eoqvwver96exggx008jz.jpg	4	2018-02-26 12:38:15.64838	2018-02-26 12:39:01.358033	t	\N
1811	80	s9r4qebu1wrt6akw6utz.jpg	7	2018-02-26 12:36:39.747774	2018-02-26 12:38:20.998184	t	\N
1810	80	p584biqzsyixodug1aiq.jpg	8	2018-02-26 12:36:17.46812	2018-02-26 12:38:21.011516	t	\N
1809	80	lsdsb1yxlnzogwwxhamp.jpg	9	2018-02-26 12:36:08.391434	2018-02-26 12:38:21.018844	t	\N
1807	80	psoua6rultgexppreouz.jpg	10	2018-02-26 12:36:01.857811	2018-02-26 12:38:21.026758	t	\N
4261	88	rtzxv0cwled8r0fm51sm.jpg	3	2018-05-09 20:19:29.09309	2018-05-09 20:20:12.003481	t	\N
4255	88	rmkzydcyv4mpu5dehnre.jpg	0	2018-05-09 20:19:12.211685	2018-05-09 20:19:53.892295	t	\N
1823	81	razkx1mf0xososnqht1r.jpg	1	2018-02-27 03:00:14.231504	2018-02-27 03:02:23.361063	t	\N
4253	88	wxafwabymvppmrppj5vm.jpg	10	2018-05-09 20:19:01.454623	2018-05-09 20:20:44.355475	t	\N
4263	88	jt2ttmy54mkllbzrzut6.jpg	8	2018-05-09 20:19:33.262578	2018-05-09 20:20:44.624576	t	\N
3820	95	fmvhdnomjbke1x5axcqq.jpg	5	2018-05-02 15:01:25.588609	2018-05-02 15:28:56.559076	t	\N
3822	95	xkd0tst9geeymkjrvlhm.jpg	7	2018-05-02 15:01:27.937784	2018-05-02 15:28:56.635767	t	\N
4259	88	bcrv4hsowwexyu7gexq5.jpg	4	2018-05-09 20:19:22.304348	2018-05-09 20:20:14.182418	t	\N
4249	88	f4giah1q0a4pq4vwmhcv.jpg	9	2018-05-09 20:18:55.269305	2018-05-09 20:20:44.640773	t	\N
4257	88	gc62xbcrpzfmymufftw7.jpg	6	2018-05-09 20:19:16.059856	2018-05-09 20:20:21.839444	t	\N
4251	88	keyglnearnxdphzmo99z.jpg	13	2018-05-09 20:18:55.970053	2018-05-09 20:20:42.76649	t	\N
1840	82	oycpnkvziqsks4vezxdl.jpg	15	2018-02-27 13:58:54.398506	2018-02-27 21:58:52.937777	t	\N
1841	82	eeds67z7wy4utbckbqnz.jpg	14	2018-02-27 13:59:24.581693	2018-02-27 21:58:52.968067	t	\N
3821	95	x4l6bkyxer0x5q9dqls4.jpg	9	2018-05-02 15:01:25.706018	2018-05-02 15:28:55.459552	t	\N
3823	95	ibecfem17oalqgdjyrnc.jpg	6	2018-05-02 15:01:29.062646	2018-05-02 15:28:56.623148	t	\N
1839	82	cv7r3h6mtb97tqr6ao8t.jpg	16	2018-02-27 13:58:32.514954	2018-02-27 21:58:52.917021	t	\N
1836	82	f7wlalhjgsxu5bunhsto.jpg	19	2018-02-27 13:58:00.531164	2018-02-27 21:58:52.930495	t	\N
1842	82	pjvtvxxcaezbbuqitnpi.jpg	13	2018-02-27 13:59:30.490093	2018-02-27 21:58:53.134155	t	\N
1838	82	lv4vbnvcgvolqdgmatuj.jpg	17	2018-02-27 13:58:25.813165	2018-02-27 21:58:52.921314	t	\N
1834	82	bcl3ldgsg26m3ul9qbzo.jpg	20	2018-02-27 13:57:26.198895	2018-02-27 21:58:52.936105	t	\N
1845	82	milrd5xqnvzsrx02io6h.jpg	10	2018-02-27 14:00:01.963398	2018-02-27 21:58:53.13625	t	\N
1844	82	qa1yhl1hokdciyqjtytl.jpg	11	2018-02-27 13:59:56.183006	2018-02-27 21:58:53.141063	t	\N
1835	82	k00dvggseaqkj2kqwakb.jpg	0	2018-02-27 13:57:40.253806	2018-02-27 21:58:53.529199	t	\N
1837	82	o1bo5abzpckwho4xad8a.jpg	18	2018-02-27 13:58:18.608558	2018-02-27 21:58:52.927278	t	\N
1833	82	ufcjlaqgemdlnjwbmzsw.jpg	21	2018-02-27 13:57:19.886108	2018-02-27 21:58:52.940085	t	\N
1849	82	ylt36oqoliuc7x0wtsln.jpg	6	2018-02-27 14:01:10.77557	2018-02-27 21:58:53.33527	t	\N
1843	82	ntzpas7czejuseluorvu.jpg	12	2018-02-27 13:59:32.845889	2018-02-27 21:58:53.137547	t	\N
1846	82	vt4uupt5hv6bqtrnswea.jpg	9	2018-02-27 14:00:28.918233	2018-02-27 21:58:53.139259	t	\N
1847	82	ibh1ktnwsclivxfkgyga.jpg	8	2018-02-27 14:00:41.809591	2018-02-27 21:58:53.173525	t	\N
1852	82	blpihwcs40ipdzuvkzam.jpg	3	2018-02-27 14:01:39.450037	2018-02-27 21:58:53.356254	t	\N
1853	82	afj6znhwondojqxp7rdg.jpg	2	2018-02-27 14:01:41.513355	2018-02-27 21:58:53.549201	t	\N
1848	82	bwri93eilyh2hqqp5dtx.jpg	7	2018-02-27 14:01:08.081597	2018-02-27 21:58:53.341259	t	\N
1850	82	ionuzo8pfnohvokdzfaa.jpg	5	2018-02-27 14:01:19.452552	2018-02-27 21:58:53.343111	t	\N
1851	82	nyrkzq3ec6feykobw1vd.jpg	4	2018-02-27 14:01:25.926809	2018-02-27 21:58:53.349844	t	\N
1854	82	l2ohvde96udkkcbxdwnl.jpg	2	2018-02-27 14:01:50.204329	2018-02-27 21:58:53.54855	t	\N
1856	83	pgperxf8rtmmol0qnyio.jpg	11	2018-02-28 02:02:22.200257	2018-02-28 02:19:00.97372	t	\N
1855	83	ibdxanmjdactoqpnminb.jpg	12	2018-02-28 02:02:10.499643	2018-02-28 02:19:00.982523	t	\N
1868	84	rv5fkdw3y1q8uz2gyyn8.jpg	16	2018-02-28 03:26:02.547215	2018-02-28 03:30:47.570689	t	\N
1879	84	kfji9aml38ekd59x7xhd.jpg	5	2018-02-28 03:28:49.15545	2018-02-28 03:30:49.993226	t	\N
1884	84	vupiex9sxgyiyoivkr40.jpg	6	2018-02-28 03:29:59.012319	2018-02-28 03:30:50.011788	t	\N
1870	84	c7aq7tgf9elm09x7etdv.jpg	0	2018-02-28 03:26:56.612311	2018-02-28 03:30:30.10255	t	\N
1858	83	ay5bpkfucvbu4an65t87.jpg	10	2018-02-28 02:02:27.731987	2018-02-28 02:19:32.667058	t	\N
1860	83	ulrodatpxsjhk6vmoruf.jpg	9	2018-02-28 02:03:23.901528	2018-02-28 02:19:33.01824	t	\N
1889	85	so4srgtqlngpyuvlysdf.jpg	7	2018-03-01 16:27:48.116919	2018-03-01 16:31:50.996899	t	\N
1861	83	swahyh5bfqtq6irkhajv.jpg	8	2018-02-28 02:04:16.486146	2018-02-28 02:19:34.120899	t	\N
1862	83	ncl3lih3cxyjpvnpu8x3.jpg	7	2018-02-28 02:04:24.307933	2018-02-28 02:19:36.808762	t	\N
1866	83	zbikp2kob4iddq7u6p4c.jpg	6	2018-02-28 02:04:44.644267	2018-02-28 02:19:39.158428	t	\N
1865	83	eilkkidlg7pqckckzgsm.jpg	5	2018-02-28 02:04:39.848249	2018-02-28 02:19:39.525753	t	\N
1863	83	dyku0hrdyfmw7eobscsi.jpg	4	2018-02-28 02:04:25.026471	2018-02-28 02:19:41.357896	t	\N
1864	83	djkgiqoo2bdgszgwzcng.jpg	3	2018-02-28 02:04:31.888646	2018-02-28 02:19:41.766553	t	\N
1867	83	godjuhaeydgvw4sb1ps2.jpg	2	2018-02-28 02:04:51.134653	2018-02-28 02:19:43.36023	t	\N
1857	83	twfufakvz2ncdncxdgng.jpg	0	2018-02-28 02:02:23.283433	2018-02-28 02:19:43.78484	t	\N
1859	83	pnlwtozafkbjiudfmyf3.jpg	1	2018-02-28 02:03:03.718125	2018-02-28 02:19:43.795643	t	\N
1883	84	xhiccncj5yryxuiojthk.jpg	1	2018-02-28 03:29:53.792508	2018-02-28 03:30:36.274008	t	\N
1882	84	mkaet5btix3jsq20yzmy.jpg	2	2018-02-28 03:29:29.868846	2018-02-28 03:30:36.735042	t	\N
1890	85	a1oijxyjc2pxf77oekjh.jpg	6	2018-03-01 16:27:52.114502	2018-03-01 16:31:51.154281	t	\N
1891	85	n1waxcuxiawmqhv96gh4.jpg	5	2018-03-01 16:27:57.048487	2018-03-01 16:31:53.27245	t	\N
1906	86	lizzhwqpobeu29wcp534.jpg	4	2018-03-01 16:47:02.076214	2018-03-01 16:47:22.212204	t	\N
1880	84	rt9bvqkeg3avckoyy5ij.jpg	5	2018-02-28 03:28:56.194753	2018-02-28 03:30:46.188022	f	\N
1881	84	jlboqhfrn1an9tlgejpp.jpg	3	2018-02-28 03:29:20.127663	2018-02-28 03:30:47.426231	t	\N
1885	84	nk5csvusmbgxxnndtoof.jpg	4	2018-02-28 03:29:59.441703	2018-02-28 03:30:47.440279	t	\N
1878	84	qtpdcoaygcx1lvbikj1i.jpg	7	2018-02-28 03:28:19.299073	2018-02-28 03:30:47.470831	t	\N
1877	84	k3tucp4lhf00upyvltaw.jpg	8	2018-02-28 03:28:18.857697	2018-02-28 03:30:47.480237	t	\N
1876	84	qoifsvhe1j1h93wx6zo0.jpg	9	2018-02-28 03:28:13.03198	2018-02-28 03:30:47.496573	t	\N
1875	84	t61dlo16zyclczkyyito.jpg	10	2018-02-28 03:27:52.575105	2018-02-28 03:30:47.509512	t	\N
1874	84	qnqwzli5q2pq7dhxwdh0.jpg	11	2018-02-28 03:27:16.555471	2018-02-28 03:30:47.520173	t	\N
1873	84	t1kkhvg79pagexurzu6g.jpg	12	2018-02-28 03:27:10.280394	2018-02-28 03:30:47.531923	t	\N
1872	84	tyhtbhkoj5syahbar9au.jpg	13	2018-02-28 03:26:59.710386	2018-02-28 03:30:47.541434	t	\N
1869	84	jkfyultwa4ahdmf6uz0o.jpg	14	2018-02-28 03:26:47.533641	2018-02-28 03:30:47.550747	t	\N
1871	84	ksivflxowg4ymykoulbn.jpg	15	2018-02-28 03:26:56.80493	2018-02-28 03:30:47.56113	t	\N
1888	85	tut27sxmxars707r2nyk.jpg	8	2018-03-01 16:27:42.549715	2018-03-01 16:31:49.462586	t	\N
1887	85	h9trrscyifolbhuqdwfv.jpg	9	2018-03-01 16:27:42.047701	2018-03-01 16:31:49.46601	t	\N
1892	85	i24rd2m5h8ljjmxbk9jt.jpg	4	2018-03-01 16:28:44.120957	2018-03-01 16:31:53.630657	t	\N
1903	86	glqwjldzkjpmfttyoguy.jpg	1	2018-03-01 16:47:01.2922	2018-03-01 16:47:24.066117	t	\N
1893	85	j4equjb4vqckin8klhcw.jpg	3	2018-03-01 16:29:00.470319	2018-03-01 16:31:55.599994	t	\N
1894	85	aecl8slual0gf0fuplcf.jpg	2	2018-03-01 16:29:06.980457	2018-03-01 16:31:55.608809	t	\N
1886	85	i1obsiyznzfy6iedr6rk.jpg	0	2018-03-01 16:27:36.31092	2018-03-01 16:31:56.024534	t	\N
1895	85	o1jb01it8ki8gwzv5n8v.jpg	1	2018-03-01 16:29:07.652681	2018-03-01 16:31:56.03684	t	\N
1905	86	ybpzwtczsusn9b6my9hz.jpg	3	2018-03-01 16:47:01.833416	2018-03-01 16:47:22.551478	t	\N
1900	86	ydgm4ftf0evhpnhtnmyn.jpg	6	2018-03-01 16:47:00.853164	2018-03-01 16:47:07.9287	t	\N
1899	86	gv5koktg096plwzlrz5e.jpg	7	2018-03-01 16:47:00.73562	2018-03-01 16:47:07.942423	t	\N
1898	86	zptr3a5sqdhvo2raomui.jpg	8	2018-03-01 16:46:59.5668	2018-03-01 16:47:07.951573	t	\N
1897	86	yyvremat40u8egfnwqjo.jpg	9	2018-03-01 16:46:59.392379	2018-03-01 16:47:07.97157	t	\N
1896	86	s9st9ydtm9cy87w1p2se.jpg	10	2018-03-01 16:46:59.376119	2018-03-01 16:47:07.983396	t	\N
1902	86	y9fsx9hlo1duhf9fcdlm.jpg	2	2018-03-01 16:47:01.186511	2018-03-01 16:47:24.075449	t	\N
1904	86	qgi4ijsxovwhmazungjr.jpg	5	2018-03-01 16:47:01.780139	2018-03-01 16:47:22.175255	t	\N
1901	86	aiazh6xm3mxuzcgqnpte.jpg	0	2018-03-01 16:47:01.01477	2018-03-01 16:47:23.259261	t	\N
1915	87	odpo3hhm3bvaxhex1pdy.jpg	0	2018-03-05 02:08:40.997694	2018-03-05 12:57:44.624275	t	\N
1913	87	xaq4o8iiidd4uxwpyavn.jpg	6	2018-03-05 02:07:58.43483	2018-03-05 12:56:42.254391	t	\N
1914	87	udsz09da4mkuumb0mowh.jpg	1	2018-03-05 02:08:32.168349	2018-03-05 12:57:44.62878	t	\N
1912	87	tfbfncht9qxpijdonyra.jpg	7	2018-03-05 02:07:42.368292	2018-03-05 12:56:42.259087	t	\N
1908	87	xfcnswv35gikasbgqmq0.jpg	17	2018-03-05 02:06:53.576387	2018-03-05 12:56:29.066068	f	\N
1910	87	l1sdtl6trwvdvo6hucm5.jpg	8	2018-03-05 02:07:08.220117	2018-03-05 12:59:28.751327	f	\N
1907	87	aq0390usyfwpstzl1nln.jpg	10	2018-03-05 02:06:52.654417	2018-03-05 12:56:42.27817	t	\N
1909	87	boemjaop7vutxjksskal.jpg	9	2018-03-05 02:06:59.331319	2018-03-05 12:59:26.464751	f	\N
1917	87	wgaxkpdbtzbfzyblub4t.jpg	4	2018-03-05 02:09:07.590305	2018-03-05 12:57:42.938201	t	\N
1911	87	mojci4xagsgqbq1jsnzt.jpg	14	2018-03-05 02:07:19.038688	2018-03-05 12:56:18.571179	f	\N
1919	87	ssjzcimgyhkgpm5w7buq.jpg	2	2018-03-05 02:09:31.131077	2018-03-05 12:57:44.552472	t	\N
1920	87	uuuoimrb64iwm7sjufru.jpg	0	2018-03-05 02:10:35.495503	2018-03-05 12:55:42.215803	f	\N
1921	87	fmlhffikh8558wf8jyxt.jpg	1	2018-03-05 02:10:40.272558	2018-03-05 02:28:06.264993	f	\N
1922	87	gofnqezzhewshl3t9udo.jpg	2	2018-03-05 02:10:40.636901	2018-03-05 12:55:43.436396	f	\N
1923	87	wjjjj3dat51qyzqovsjd.jpg	5	2018-03-05 02:10:45.118444	2018-03-05 12:55:48.070821	f	\N
1924	87	z6foxue3wxqkuwlfkqze.jpg	4	2018-03-05 02:11:03.204229	2018-03-05 02:28:12.749557	f	\N
1925	87	lkduoglnnwhkdfhk0plz.jpg	3	2018-03-05 02:11:06.749646	2018-03-05 12:55:47.119135	f	\N
1918	87	mfzf7ch0jad7txnwyyuc.jpg	3	2018-03-05 02:09:22.161127	2018-03-05 12:57:43.111027	t	\N
1955	89	qzkfyqzwtmaqmbcgumf2.jpg	10	2018-03-06 04:07:37.375684	2018-03-06 04:10:56.978161	t	\N
1954	89	olwnreoowzhiczpqy47a.jpg	11	2018-03-06 04:07:26.788216	2018-03-06 04:10:56.981454	t	\N
1916	87	ap9o5ci7zc0bev7rzyng.jpg	5	2018-03-05 02:08:52.875608	2018-03-05 12:57:42.770489	t	\N
1953	89	qlufcvavsm1asuggvubw.jpg	12	2018-03-06 04:07:14.303871	2018-03-06 04:10:56.984738	t	\N
1951	89	fjozghuvmpx97uus0sz9.jpg	13	2018-03-06 04:06:51.003346	2018-03-06 04:10:56.988059	t	\N
1961	89	brwpfimxby8h29d4vax2.jpg	2	2018-03-06 04:08:59.671977	2018-03-06 04:10:57.776617	t	\N
1963	89	ybgfcmj0x4pbrzhhu7fz.jpg	3	2018-03-06 04:09:46.706814	2018-03-06 04:10:57.780763	t	\N
1952	89	sjnrdzpf8ea2kiladu2z.jpg	0	2018-03-06 04:06:59.290181	2018-03-06 04:11:00.276199	t	\N
1932	90	qcowhumuk6yf24jbkdt3.jpg	6	2018-03-06 03:56:15.684041	2018-03-06 03:58:39.728814	t	\N
1931	90	rexube3gm1xs2irvl5g4.jpg	7	2018-03-06 03:55:57.24482	2018-03-06 03:58:39.737397	t	\N
1930	90	qmo6sotweru9yihpua3y.jpg	8	2018-03-06 03:55:47.811945	2018-03-06 03:58:39.741574	t	\N
1929	90	ycra318lcjy77llotf22.jpg	9	2018-03-06 03:55:37.133189	2018-03-06 03:58:39.745112	t	\N
1928	90	uhyi6br5vgdo4jjuyrzq.jpg	10	2018-03-06 03:55:34.582716	2018-03-06 03:58:39.748515	t	\N
1927	90	dfczkbwmqzgb6c3umrx3.jpg	11	2018-03-06 03:55:24.034574	2018-03-06 03:58:39.752106	t	\N
1926	90	cqeugidoexxahifcpclc.jpg	12	2018-03-06 03:55:18.383072	2018-03-06 03:58:39.755707	t	\N
1964	89	xgrjuwsd07keztynil0c.jpg	1	2018-03-06 04:09:57.751467	2018-03-06 04:11:00.28083	t	\N
1947	88	gdkwhirdaexk8kgwqrsd.jpg	0	2018-03-06 04:01:49.126385	2018-05-09 20:18:27.118512	f	\N
1945	88	pkqztjt2oeaasrw24bfo.jpg	5	2018-03-06 04:01:41.383768	2018-05-09 20:18:22.749311	f	\N
1950	88	jg2v6hpbkbzrfkxujotq.jpg	2	2018-03-06 04:04:18.326661	2018-05-09 20:18:23.251986	f	\N
1946	88	imcd9dp7eycek9helvwt.jpg	4	2018-03-06 04:01:45.588536	2018-05-09 20:18:21.998945	f	\N
1936	90	hzyr0mvjl1edfxq5rtlb.jpg	2	2018-03-06 03:56:49.567292	2018-03-06 03:58:45.421908	t	\N
1935	90	d50ihbcvjsnfpsmwdsnq.jpg	0	2018-03-06 03:56:35.807877	2018-03-06 03:58:45.766719	t	\N
1937	90	vooephbioq1oraa1qqxs.jpg	1	2018-03-06 03:56:52.677862	2018-03-06 03:58:45.770987	t	\N
1934	90	lpcyzl08cenkpczqsolb.jpg	3	2018-03-06 03:56:31.993632	2018-03-06 03:58:48.557707	t	\N
1939	88	b6khx7fnxtcgji67lpck.jpg	9	2018-03-06 04:00:37.838327	2018-05-09 20:18:32.096746	f	\N
1933	90	wpmuibhruhyoszxakexs.jpg	4	2018-03-06 03:56:31.526697	2018-03-06 03:58:48.753858	t	\N
1938	90	xtx5gpvbqffxtukhmpan.jpg	5	2018-03-06 03:56:53.190056	2018-03-06 03:58:48.758247	t	\N
1942	88	lr71h4zyabafryaoncmh.jpg	1	2018-03-06 04:01:15.947353	2018-05-09 20:18:29.184731	f	\N
1944	88	orwcrnzuyi5u5sn23691.jpg	6	2018-03-06 04:01:34.420698	2018-05-09 20:18:21.189088	f	\N
1941	88	r8zbzekh17gqcnbkfoen.jpg	8	2018-03-06 04:00:56.470254	2018-05-09 20:18:18.931064	f	\N
1943	88	os5g4iixiwh3to88zxqn.jpg	7	2018-03-06 04:01:16.283704	2018-05-09 20:18:31.207272	f	\N
1949	88	cioqxrxrdk9mod9p6yir.jpg	3	2018-03-06 04:03:25.212838	2018-05-09 20:18:23.941003	f	\N
1948	88	lut4izxyu0okau0cgm29.jpg	-1	2018-03-06 04:03:20.407171	2018-03-06 04:03:26.271017	f	\N
1985	92	n7ifld6dxh7edalnarjb.jpg	-19	2018-03-07 11:51:01.050431	2018-03-07 11:52:09.738507	f	\N
1983	92	trlfkxjcqltkplqpabdx.jpg	-17	2018-03-07 11:50:39.754952	2018-03-07 11:52:15.227529	f	\N
1969	92	qztocpl2vjlaaabgvr7w.jpg	18	2018-03-07 11:47:25.201691	2018-03-07 11:52:54.54628	t	\N
1966	92	q2fihuqhefn9gdwrvcug.jpg	21	2018-03-07 11:46:57.617388	2018-03-07 11:52:51.952973	t	\N
1976	92	yg4jidupom3hkmfrryff.jpg	11	2018-03-07 11:49:04.481279	2018-03-07 11:53:04.814156	t	\N
1980	92	awou3faftqnhi0e2v5yq.jpg	0	2018-03-07 11:50:04.588156	2018-03-07 11:52:35.411179	t	\N
1967	92	ynncqillzcthxw8blhof.jpg	20	2018-03-07 11:46:58.248887	2018-03-07 11:52:52.317497	t	\N
1962	89	sbyrsihmky7bysxa7vyk.jpg	4	2018-03-06 04:09:15.716026	2018-03-06 04:10:56.955536	t	\N
1960	89	dz64wh7xbrg4xfw3zfzs.jpg	5	2018-03-06 04:08:58.324297	2018-03-06 04:10:56.959443	t	\N
1959	89	xdy8ogg9yvobaeki5mds.jpg	6	2018-03-06 04:08:48.327837	2018-03-06 04:10:56.963446	t	\N
1958	89	cbenbiyovb89yepmusw3.jpg	7	2018-03-06 04:08:41.086177	2018-03-06 04:10:56.967196	t	\N
1957	89	vazbijklprlmxzvru2nv.jpg	8	2018-03-06 04:08:40.41844	2018-03-06 04:10:56.971093	t	\N
1956	89	z4pd7ryff7r3ksb4hjce.jpg	9	2018-03-06 04:07:51.546347	2018-03-06 04:10:56.974755	t	\N
1982	92	mrkycngntixmiyxz9m2w.jpg	6	2018-03-07 11:50:30.017921	2018-03-07 11:53:13.194703	t	\N
1965	92	fpwclomym4athorqz8qg.jpg	1	2018-03-07 11:46:39.8184	2018-03-07 11:53:18.06591	t	\N
1984	92	qllpfcupyyamffnx2unf.jpg	5	2018-03-07 11:50:56.75947	2018-03-07 11:53:15.269987	t	\N
1979	92	oigopqsivk2nxqpuklcn.jpg	8	2018-03-07 11:50:01.500588	2018-03-07 11:53:09.959615	t	\N
1988	92	cdhaxwu3rv5p7shpygcj.jpg	4	2018-03-07 11:51:25.294929	2018-03-07 11:53:15.678733	t	\N
1977	92	opqj6ry3muefiln5wspy.jpg	10	2018-03-07 11:49:24.690492	2018-03-07 11:53:05.318178	t	\N
1981	92	pqsbvkamzikeviovtwdt.jpg	7	2018-03-07 11:50:24.544637	2018-03-07 11:53:12.406904	t	\N
1973	92	jdm5v836s4ltqul12ymb.jpg	14	2018-03-07 11:48:40.755424	2018-03-07 11:53:00.042164	t	\N
1978	92	n4vewaxo33myh61x0nau.jpg	9	2018-03-07 11:49:47.567267	2018-03-07 11:53:07.27059	t	\N
1974	92	ajwc3mithljvozqoobge.jpg	13	2018-03-07 11:48:53.224111	2018-03-07 11:53:02.692969	t	\N
1970	92	q5tqn05lftcxadettlag.jpg	17	2018-03-07 11:47:25.643867	2018-03-07 11:52:56.249924	t	\N
1975	92	yj8guliysuqvmmv9fhia.jpg	12	2018-03-07 11:48:55.630296	2018-03-07 11:53:03.095193	t	\N
1971	92	zgxnnvxnjxfcppriinwx.jpg	16	2018-03-07 11:47:41.531437	2018-03-07 11:52:56.87786	t	\N
1986	92	zlqgneha6nuvyt76k1dk.jpg	3	2018-03-07 11:51:17.395754	2018-03-07 11:53:17.665488	t	\N
1972	92	ooknb7kqky5ofbknb8bu.jpg	15	2018-03-07 11:48:02.893937	2018-03-07 11:52:59.63981	t	\N
1987	92	ox5fghmxvfi3ahlovdbn.jpg	2	2018-03-07 11:51:22.450789	2018-03-07 11:53:18.070341	t	\N
1968	92	il3cgv61ofx79udhj04k.jpg	19	2018-03-07 11:47:19.561051	2018-03-07 11:52:54.450481	t	\N
2002	93	c6hpjokes7mep613adpx.jpg	3	2018-03-07 12:37:32.805287	2018-03-07 13:12:58.756485	t	\N
1940	88	qlznkj30osl0v7tx07dh.jpg	10	2018-03-06 04:00:37.841861	2018-05-09 20:18:16.698728	f	\N
1999	93	rhy3favnqv2hdhdl97ih.jpg	6	2018-03-07 12:37:17.222572	2018-03-07 13:12:58.642815	t	\N
1998	93	rzawdrquocovjiyq2g9x.jpg	7	2018-03-07 12:36:50.325935	2018-03-07 13:12:58.648975	t	\N
1993	93	u62ypswl9gkwfrfvpsfl.jpg	11	2018-03-07 12:35:29.081768	2018-03-07 13:12:58.665303	t	\N
1997	93	nou5zchz9samg1wrq57x.jpg	8	2018-03-07 12:36:37.725811	2018-03-07 13:12:58.651233	t	\N
1990	93	kwfselsbkvh5wqmyub84.jpg	14	2018-03-07 12:34:47.378436	2018-03-07 13:12:58.677613	t	\N
1995	93	mxvwx9s3jieltzp0zpai.jpg	9	2018-03-07 12:35:50.740247	2018-03-07 13:12:58.655556	t	\N
1994	93	bkbzrw3yue8x8hotcnla.jpg	10	2018-03-07 12:35:49.694751	2018-03-07 13:12:58.660866	t	\N
1992	93	o8sampoaqvbdhiireog6.jpg	12	2018-03-07 12:35:21.749071	2018-03-07 13:12:58.669402	t	\N
1991	93	sfmwywk1lw0ogxwtcaqi.jpg	13	2018-03-07 12:34:58.771846	2018-03-07 13:12:58.673145	t	\N
1996	93	my5mvwy1smqmmj9exvvn.jpg	0	2018-03-07 12:35:59.044414	2018-03-07 13:12:58.875758	t	\N
1989	93	f55mwptg3enelgvcmtrf.jpg	15	2018-03-07 12:34:38.938012	2018-03-07 13:12:58.68149	t	\N
2036	95	mbvswxkyzis62pfvrdqr.jpg	8	2018-03-08 03:46:45.547603	2018-05-02 14:59:29.970918	f	\N
2035	95	jl0ipsrrpsw9sdm74afd.jpg	9	2018-03-08 03:46:30.573205	2018-05-02 14:59:30.943122	f	\N
2034	95	agociciedkesc8dcamkx.jpg	10	2018-03-08 03:46:24.732424	2018-05-02 14:59:31.847068	f	\N
2033	95	ftarvwrqzavho36jnuoo.jpg	11	2018-03-08 03:45:36.364324	2018-05-02 14:59:32.767429	f	\N
2032	95	gvjeprzuavocmc2nmfv2.jpg	12	2018-03-08 03:45:35.673446	2018-05-02 14:59:33.667882	f	\N
2031	95	bbrjn1grivaxeexd0qlu.jpg	13	2018-03-08 03:45:30.234212	2018-05-02 14:59:34.64156	f	\N
2000	93	c8inqije0mwokzzofje0.jpg	5	2018-03-07 12:37:19.040191	2018-03-07 13:12:58.708095	t	\N
2001	93	lbptuiqcwb8hmq6xuqvw.jpg	4	2018-03-07 12:37:32.364393	2018-03-07 13:12:58.717988	t	\N
2003	93	z7wavyvfbvewavugmcqc.jpg	2	2018-03-07 12:37:36.557092	2018-03-07 13:12:58.8796	t	\N
2004	93	thwciuje3qzsjwht3zdx.jpg	1	2018-03-07 12:37:41.518418	2018-03-07 13:12:58.882163	t	\N
2030	95	bmxxmdf31kmubspl9ynh.jpg	14	2018-03-08 03:45:06.091975	2018-05-02 14:59:35.627354	f	\N
2029	95	c3xugo452ukbfnjofqcr.jpg	15	2018-03-08 03:44:54.504313	2018-05-02 14:59:36.565157	f	\N
2028	95	nqcn4q72v2b1oekmf02d.jpg	16	2018-03-08 03:44:51.35453	2018-05-02 14:59:37.54862	f	\N
2019	94	qyj3qr8sggbcspaxwavd.jpg	7	2018-03-08 02:04:47.387193	2018-03-08 02:05:57.903438	t	\N
2014	94	tgmauxl25pircz3epfks.jpg	6	2018-03-08 02:04:05.053997	2018-03-08 02:06:00.091369	t	\N
2027	95	n0wvcoisq5rlgnoa13nb.jpg	17	2018-03-08 03:44:50.253196	2018-05-02 14:59:38.511042	f	\N
2015	94	slhp3ponpgatqwrmyzq7.jpg	5	2018-03-08 02:04:10.46292	2018-03-08 02:06:02.362076	t	\N
2042	95	kvdtbuhinvrnhvky7txo.jpg	3	2018-03-08 03:47:44.292165	2018-05-02 14:59:25.096279	f	\N
2017	94	zdtyvnkwkz2zauvrebwk.jpg	4	2018-03-08 02:04:29.24699	2018-03-08 02:06:02.505594	t	\N
2009	94	hazjp7ui2jl9ps5opf3p.jpg	10	2018-03-08 02:02:01.622387	2018-03-08 02:05:27.273447	t	\N
2008	94	li0482f24qfk3gboi4ym.jpg	11	2018-03-08 02:01:43.809868	2018-03-08 02:05:27.279831	t	\N
2007	94	o3ber7wmdceuy9gj37yq.jpg	12	2018-03-08 02:01:25.335918	2018-03-08 02:05:27.288579	t	\N
2006	94	jb72aptrjukkz567ftsa.jpg	13	2018-03-08 02:01:19.57078	2018-03-08 02:05:27.294875	t	\N
2005	94	xoxummfcobm7rjcniozm.jpg	14	2018-03-08 02:01:16.895525	2018-03-08 02:05:27.301001	t	\N
2026	95	u33b3dls9dc1y8w5m3fw.jpg	18	2018-03-08 03:43:54.300758	2018-05-02 14:59:39.451714	f	\N
2018	94	wvjrzfdbg74sdzjgu8up.jpg	3	2018-03-08 02:04:39.444825	2018-03-08 02:06:03.024299	t	\N
2025	95	wkve8tumopndr92vinjz.jpg	19	2018-03-08 03:43:54.061863	2018-05-02 14:59:40.490762	f	\N
2012	94	tmxtehgtfzdocieqd282.jpg	9	2018-03-08 02:03:18.274237	2018-03-08 02:05:30.473081	t	\N
2016	94	mzudhspuoxzuv1luvt7c.jpg	2	2018-03-08 02:04:18.921575	2018-03-08 02:06:04.929034	t	\N
2010	94	gieizj6tqwcthiqdtbzc.jpg	8	2018-03-08 02:02:28.043509	2018-03-08 02:05:30.586323	t	\N
2013	94	szomljax7rgguwrqxoqe.jpg	0	2018-03-08 02:03:42.802499	2018-03-08 02:06:05.000617	t	\N
2024	95	njydytvaqr6cnsyfgxlb.jpg	20	2018-03-08 03:43:44.051027	2018-05-02 14:59:41.424911	f	\N
2011	94	myazam3ynz9b1xidqrtr.jpg	1	2018-03-08 02:02:54.762934	2018-03-08 02:06:05.007284	t	\N
2023	95	jhii3hvlwvxtmw42wvzg.jpg	21	2018-03-08 03:43:38.66505	2018-05-02 14:59:42.357895	f	\N
2022	95	s4etlvmrwz5mh4cnxxnv.jpg	22	2018-03-08 03:43:38.251857	2018-05-02 14:59:43.281857	f	\N
2021	95	riybdzywyseknmprq3ho.jpg	23	2018-03-08 03:42:57.807355	2018-05-02 14:59:44.777174	f	\N
2020	95	kybxat0li4mzogaupldf.jpg	24	2018-03-08 03:42:57.371189	2018-05-02 14:59:46.052153	f	\N
2040	95	rayqpyf2tvkihfjnfu7j.jpg	4	2018-03-08 03:47:37.568968	2018-05-02 14:59:26.108494	f	\N
2039	95	ptzhgabdviqifrxvnhjk.jpg	5	2018-03-08 03:47:00.14711	2018-05-02 14:59:27.06145	f	\N
2038	95	fgobu7dywku6tt1lji4e.jpg	6	2018-03-08 03:46:59.306102	2018-05-02 14:59:28.040121	f	\N
2037	95	zcq4fkmjdgsh7ccfyzxe.jpg	7	2018-03-08 03:46:50.504411	2018-05-02 14:59:29.007909	f	\N
2044	95	ng4emzhdkglvgt8tcroy.jpg	1	2018-03-08 03:47:55.437435	2018-05-02 14:59:23.129473	f	\N
2043	95	tuozt4igtvwlndo8zxly.jpg	2	2018-03-08 03:47:51.413338	2018-05-02 14:59:24.076783	f	\N
2046	96	ubjgc4sqoqgyhffpatas.jpg	6	2018-03-09 02:51:18.070348	2018-03-09 02:53:22.569934	t	\N
2052	96	qx3kqczab3lkfxrzq684.jpg	7	2018-03-09 02:52:37.858445	2018-03-09 02:53:22.577146	t	\N
2053	96	s8mv3ckc8iqnls8mmdck.jpg	3	2018-03-09 02:52:38.191232	2018-03-09 02:53:28.560849	t	\N
2061	97	zkv7ryvi44efjncaovbu.jpg	6	2018-03-09 03:02:28.912744	2018-03-09 03:06:08.496315	t	\N
2054	96	ho0ppjpv5rlavsalpl9t.jpg	2	2018-03-09 02:52:46.554104	2018-03-09 02:53:28.752765	t	\N
2050	96	leignecyydrvy7xtp9ze.jpg	0	2018-03-09 02:52:13.987689	2018-03-09 02:53:31.421464	t	\N
2055	96	oehr7j4kllfbsgd3ehst.jpg	1	2018-03-09 02:52:47.979239	2018-03-09 02:53:31.43081	t	\N
2065	97	oxnqtobqfmd2d8bwln33.jpg	1	2018-03-09 03:02:58.67149	2018-03-09 03:06:17.122283	t	\N
2048	96	in4jtjqojxd2pkca5lun.jpg	4	2018-03-09 02:51:30.303814	2018-03-09 02:53:08.596471	t	\N
2045	96	dzht5swbrdwkkkab4ryr.jpg	9	2018-03-09 02:51:09.665276	2018-03-09 02:53:15.493306	t	\N
2049	96	pssn2qixe0rbhpxjm5gz.jpg	10	2018-03-09 02:51:33.964455	2018-03-09 02:53:15.501317	t	\N
2051	96	s9uqd66htduycfylgj1b.jpg	8	2018-03-09 02:52:15.830338	2018-03-09 02:53:19.155629	t	\N
2047	96	yyhmos1rpfzl3oib4yb0.jpg	5	2018-03-09 02:51:24.544695	2018-03-09 02:53:22.09822	t	\N
2064	97	ji1zwv4cchhrzdbwpvci.jpg	2	2018-03-09 03:02:57.593496	2018-03-09 03:06:17.642058	t	\N
2062	97	liftme9afeubg53ujojt.jpg	5	2018-03-09 03:02:42.430633	2018-03-09 03:06:08.95093	t	\N
2058	97	pdxyqcagvheewd2lqq1i.jpg	9	2018-03-09 03:01:47.851893	2018-03-09 03:06:04.520666	t	\N
2066	97	yw6yyjnov00z85vcncks.jpg	3	2018-03-09 03:03:01.921062	2018-03-09 03:06:17.64863	t	\N
2059	97	n1puqljvtqbf8euisih0.jpg	8	2018-03-09 03:01:52.354965	2018-03-09 03:06:05.770418	t	\N
2063	97	sg4ksx83m3d0jeotkvit.jpg	4	2018-03-09 03:02:43.9157	2018-03-09 03:06:10.592607	t	\N
2057	97	wp6nsjix3uv9ru7krfnu.jpg	10	2018-03-09 03:01:45.740674	2018-03-09 03:06:04.527358	t	\N
2060	97	obgut9aeyl1f3lsahq9q.jpg	7	2018-03-09 03:01:58.780194	2018-03-09 03:06:06.196981	t	\N
2056	97	kizrrmr900ag6ewqhgpe.jpg	0	2018-03-09 03:01:02.597795	2018-03-09 03:06:13.145206	t	\N
2041	95	guoznabacg5daygbawtb.jpg	0	2018-03-08 03:47:41.032985	2018-05-02 14:59:21.833262	f	\N
2078	98	sw2cqi7orf5p5u6tnrqu.jpg	3	2018-03-09 03:13:48.335913	2018-03-09 03:15:32.518909	t	\N
2076	98	wsfl3tinenx7exclweid.jpg	5	2018-03-09 03:13:38.357087	2018-03-09 03:15:32.511335	t	\N
2075	98	wsxiihcewf9066usfng6.jpg	6	2018-03-09 03:13:34.656269	2018-03-09 03:15:32.337424	t	\N
2073	98	hgdpkajhwf3uwxsmbcsb.jpg	8	2018-03-09 03:12:31.317653	2018-03-09 03:15:31.613768	t	\N
2072	98	f7resxzz3xh7p0pum2vo.jpg	9	2018-03-09 03:12:27.085396	2018-03-09 03:15:30.103872	t	\N
2070	98	g5lxekf0tkxqlzbh7kwi.jpg	10	2018-03-09 03:12:06.588763	2018-03-09 03:15:30.110445	t	\N
2069	98	qlq1sb3fzfbphb9tuzzq.jpg	11	2018-03-09 03:11:58.2926	2018-03-09 03:15:30.116748	t	\N
2068	98	uplxk0lkulnfj7s4paiz.jpg	12	2018-03-09 03:11:57.764419	2018-03-09 03:15:30.122895	t	\N
2067	98	upkvde9qjmzgd6fprfjn.jpg	13	2018-03-09 03:11:28.509679	2018-03-09 03:15:30.129112	t	\N
2074	98	tvqtwgeuyiujed213oo6.jpg	7	2018-03-09 03:13:29.955379	2018-03-09 03:15:32.14073	t	\N
2080	98	pmagbufzgfrqxrimlnfw.jpg	1	2018-03-09 03:14:09.633672	2018-03-09 03:15:32.548938	t	\N
2079	98	rtpin0gz3ahsmjmqpg3r.jpg	2	2018-03-09 03:13:53.637842	2018-03-09 03:15:32.546756	t	\N
2077	98	hlnsjl2bguvtvfm0t0oo.jpg	4	2018-03-09 03:13:42.89262	2018-03-09 03:15:32.513494	t	\N
2104	100	vr1urdmkojmzmk3rypt3.jpg	4	2018-03-13 02:24:15.069179	2018-03-13 02:27:16.059557	t	\N
2071	98	twxnlmq00tcpd4abbefk.jpg	0	2018-03-09 03:12:07.905716	2018-03-09 03:15:32.541504	t	\N
2106	100	ewlq7xfp3kh6pwyjbk4u.jpg	2	2018-03-13 02:24:17.634895	2018-03-13 02:27:16.081088	t	\N
2098	100	yssax7pezslfkvgl8rnr.jpg	0	2018-03-13 02:22:44.202379	2018-03-13 02:28:26.508295	t	\N
2110	100	thvscjjv2mkh1a5ekn8o.jpg	1	2018-03-13 02:24:52.061198	2018-03-13 02:28:33.441047	f	\N
2111	100	f3fa3mjkcprke0ymef4a.jpg	1	2018-03-13 02:29:21.154989	2018-03-13 02:29:37.124225	t	\N
2082	99	xdyb5cg9pxv1p8a4c4fx.jpg	1	2018-03-12 01:03:21.741859	2018-03-12 01:08:23.439888	t	\N
2099	100	p66hv50ibvcruznvcdeo.jpg	11	2018-03-13 02:22:45.26694	2018-03-13 02:26:42.82893	t	\N
2081	99	n5e9uzjlyqe7cpoevx1y.jpg	12	2018-03-12 01:02:42.025442	2018-03-12 01:07:50.070078	t	\N
2086	99	zkzulpmvhhxn6o6ulz4q.jpg	9	2018-03-12 01:04:24.454423	2018-03-12 01:08:35.129759	t	\N
2107	100	lbjy7vokxl1wpowiuuks.jpg	5	2018-03-13 02:24:26.880367	2018-03-13 02:27:05.809175	f	\N
2087	99	vkl34q3kmy6hn0m29znx.jpg	8	2018-03-12 01:04:44.36005	2018-03-12 01:08:35.481379	t	\N
2093	99	ztdaxg3nkktmvzqmxybx.jpg	7	2018-03-12 01:05:46.648757	2018-03-12 01:08:37.540888	t	\N
2088	99	qqwuytnnatcdpp7n2foh.jpg	6	2018-03-12 01:05:09.788337	2018-03-12 01:08:37.907533	t	\N
2084	99	gnmng4jfsjnqf4te9bdt.jpg	0	2018-03-12 01:03:48.508011	2018-03-12 01:07:56.474741	t	\N
2089	99	cdifutldltmptwsnf07p.jpg	5	2018-03-12 01:05:10.038088	2018-03-12 01:08:39.821391	t	\N
2090	99	krw73kgruqflyum9wjbi.jpg	4	2018-03-12 01:05:26.691093	2018-03-12 01:08:40.165524	t	\N
2085	99	saalbskpq0ofouqzl1qf.jpg	2	2018-03-12 01:04:05.275124	2018-03-12 01:08:42.327832	t	\N
2091	99	frewxj5nbg648hsiuwku.jpg	3	2018-03-12 01:05:29.620059	2018-03-12 01:08:42.334804	t	\N
2097	100	xv8kwn59joxngulog7n9.jpg	12	2018-03-13 02:22:14.594957	2018-03-13 02:27:10.998946	t	\N
2096	100	ozshbmpqi1ygn9h4vpuj.jpg	13	2018-03-13 02:22:13.39982	2018-03-13 02:27:11.00334	t	\N
2083	99	nduqxgaydmg51yrf0zyl.jpg	11	2018-03-12 01:03:26.794538	2018-03-12 01:08:13.620839	t	\N
2092	99	so6v3ymlxfij3rthdtkn.jpg	10	2018-03-12 01:05:40.527146	2018-03-12 01:08:14.007623	t	\N
2095	100	sn5s4rxgmjqip9gzu3dt.jpg	14	2018-03-13 02:21:58.307093	2018-03-13 02:27:11.007622	t	\N
2094	100	d9lg4awe5fuyuymnh8hg.jpg	15	2018-03-13 02:21:55.001508	2018-03-13 02:27:11.011648	t	\N
2100	100	bftjjpbhqjm4xkgyewun.jpg	10	2018-03-13 02:22:54.011201	2018-03-13 02:27:11.333835	t	\N
2101	100	mjfdmvd4h0oc9zz11efk.jpg	9	2018-03-13 02:23:00.318022	2018-03-13 02:27:12.872692	t	\N
2109	100	fvquzoebfatojgotqlni.jpg	8	2018-03-13 02:24:39.476902	2018-03-13 02:27:13.337476	t	\N
2102	100	psbpjmtivitxqbidkkgj.jpg	7	2018-03-13 02:23:10.236768	2018-03-13 02:27:14.911956	t	\N
2103	100	wl94msocxfwpw8iosg9k.jpg	5	2018-03-13 02:24:04.803629	2018-03-13 02:27:15.729269	t	\N
2108	100	awfgz4iawkpwjyzqv7qj.jpg	6	2018-03-13 02:24:29.776705	2018-03-13 02:27:15.748774	t	\N
2105	100	ikpixvbbnce5cyaiknzw.jpg	3	2018-03-13 02:24:15.710956	2018-03-13 02:27:16.033131	t	\N
2355	74	kd3gkg5twekvh3scifgy.jpg	16	2018-03-22 15:52:04.57718	2018-03-22 15:58:01.995868	t	\N
2353	74	bivneia3je4i2p4o4o1c.jpg	0	2018-03-22 15:52:01.758107	2018-03-22 15:55:28.77896	t	\N
2363	74	qadeiu27mp8dpps1byp8.jpg	8	2018-03-22 15:52:11.310264	2018-03-22 15:58:02.618965	t	\N
2351	74	cqq8ogyjhql851roh561.jpg	17	2018-03-22 15:52:00.056743	2018-03-22 15:58:02.00543	t	\N
2362	74	dgqdnhagwrbcapsxqzar.jpg	9	2018-03-22 15:52:11.151309	2018-03-22 15:58:02.622821	t	\N
2366	74	eipotbc4ppozcpnwetox.jpg	5	2018-03-22 15:52:12.787089	2018-03-22 15:58:10.278045	t	\N
2354	74	jygyegzaxyl6nkgv9xtb.jpg	1	2018-03-22 15:52:03.552215	2018-03-22 15:57:29.999961	t	\N
1715	74	lyybmhhhbkejdo7haxvp.jpg	18	2018-02-16 18:01:43.118457	2018-03-22 15:58:00.202236	t	\N
2365	74	pfkeoudmsojo8rto3iha.jpg	6	2018-03-22 15:52:12.654446	2018-03-22 15:58:10.292849	t	\N
2364	74	iobmeyo19huyl0ggqdzr.jpg	7	2018-03-22 15:52:12.405258	2018-03-22 15:58:10.297196	t	\N
2350	74	jy2ywpq5tebunl1xtmni.jpg	3	2018-03-22 15:51:59.492036	2018-03-22 15:57:55.786298	t	\N
2349	74	w6psj7nbhk6svchxreld.jpg	19	2018-03-22 15:51:58.181479	2018-03-22 15:58:00.206237	t	\N
2347	74	fd7u9hrkwwdtgs5calkq.jpg	21	2018-03-22 15:51:56.059045	2018-03-22 15:57:59.979065	t	\N
2348	74	oyo3ayfljj1kfkq7n2re.jpg	20	2018-03-22 15:51:56.667418	2018-03-22 15:58:00.211167	t	\N
2352	74	quwzjazr5kkfewrdxxdm.jpg	2	2018-03-22 15:52:00.361651	2018-03-22 15:57:41.668145	t	\N
2359	74	wjyznkt9hi1dej86fiwz.jpg	12	2018-03-22 15:52:06.355523	2018-03-22 15:58:02.103824	t	\N
2358	74	yawxu6pw4vwszclccktc.jpg	13	2018-03-22 15:52:06.074676	2018-03-22 15:58:02.111332	t	\N
2357	74	bnqtywcrminexn6uyj5m.jpg	14	2018-03-22 15:52:05.520412	2018-03-22 15:58:02.124042	t	\N
2356	74	zcr2b8unw4fi7cyy0g8t.jpg	15	2018-03-22 15:52:05.437119	2018-03-22 15:58:02.131972	t	\N
2361	74	z4intav3panbun0hwtre.jpg	10	2018-03-22 15:52:09.222577	2018-03-22 15:58:02.627815	t	\N
2360	74	qn3sjsi9z5q3anpqcyxh.jpg	11	2018-03-22 15:52:08.438155	2018-03-22 15:58:02.632634	t	\N
1716	74	lyjahh3k4umbqzsqdwe1.jpg	4	2018-02-16 18:01:52.919279	2018-03-22 15:58:10.270491	t	\N
3809	95	lo4xoqmk0z23fopy54ra.jpg	15	2018-05-02 15:00:59.415634	2018-05-02 15:28:51.371443	t	\N
3811	95	plxdlsluoslffrzv4pv6.jpg	13	2018-05-02 15:01:03.212479	2018-05-02 15:28:51.660921	t	\N
3801	95	saivk1jawn9w0iuufc5b.jpg	4	2018-05-02 15:00:45.020515	2018-05-02 15:28:56.540796	t	\N
3799	95	fwmkak0xsexkratzlruy.jpg	21	2018-05-02 15:00:37.131707	2018-05-02 15:28:08.76603	t	\N
3807	95	mblv6mtfxkdsfc6i3xqw.jpg	0	2018-05-02 15:00:56.907233	2018-05-02 15:28:22.538992	t	\N
3805	95	z7belkxzhyhkap8k3k2r.jpg	1	2018-05-02 15:00:46.483473	2018-05-02 15:28:37.189996	t	\N
3803	95	bskjay1bzby3nnd6ecse.jpg	2	2018-05-02 15:00:46.05943	2018-05-02 15:28:39.445032	t	\N
3797	95	xbtfx476ahx8vme4otdy.jpg	26	2018-05-02 15:00:33.39007	2018-05-02 15:27:23.09985	t	\N
3800	95	nr5uhg3ptwompdpd7cvo.jpg	20	2018-05-02 15:00:39.947252	2018-05-02 15:28:08.746881	t	\N
3798	95	ltnwq7yjr9t6abihz9kd.jpg	22	2018-05-02 15:00:33.792897	2018-05-02 15:28:08.783721	t	\N
3802	95	bfl4cwxqmexqlzcticfy.jpg	19	2018-05-02 15:00:45.50324	2018-05-02 15:28:51.206702	t	\N
3808	95	lz0w3tjcudjscytr3m6a.jpg	16	2018-05-02 15:00:58.858777	2018-05-02 15:28:51.279007	t	\N
3806	95	uwawxxjtcwrafyds8ygj.jpg	17	2018-05-02 15:00:52.617189	2018-05-02 15:28:51.314113	t	\N
3810	95	l3cttp4klunaf2yyeir1.jpg	14	2018-05-02 15:01:00.371121	2018-05-02 15:28:51.329526	t	\N
3804	95	dld9nyelzqsbesgiegya.jpg	18	2018-05-02 15:00:46.462688	2018-05-02 15:28:51.180915	t	\N
\.


--
-- Data for Name: in_person_visits; Type: TABLE DATA; Schema: public; Owner: -
--

COPY public.in_person_visits (id, listing_id, date, inserted_at, updated_at) FROM stdin;
\.


--
-- Data for Name: interest_types; Type: TABLE DATA; Schema: public; Owner: -
--

COPY public.interest_types (id, name, inserted_at, updated_at, enabled) FROM stdin;
1	Me ligue dentro de 5 minutos	2018-03-07 16:51:15.222833	2018-03-07 16:51:15.222847	t
2	Me ligue em um horário específico	2018-03-07 16:51:15.23276	2018-03-07 16:51:15.23277	t
3	Agendamento por e-mail	2018-03-07 16:51:15.234865	2018-03-07 16:51:15.234872	t
4	Agendamento por Whatsapp	2018-03-07 16:51:15.237639	2018-03-07 16:51:15.237649	t
5	Agendamento online	2018-04-25 19:58:35.418044	2018-07-11 21:37:23.387763	f
\.


--
-- Data for Name: interests; Type: TABLE DATA; Schema: public; Owner: -
--

COPY public.interests (id, name, email, phone, message, listing_id, inserted_at, updated_at, interest_type_id) FROM stdin;
\.


--
-- Data for Name: listing_visualizations; Type: TABLE DATA; Schema: public; Owner: -
--

COPY public.listing_visualizations (id, listing_id, user_id, details, inserted_at, updated_at) FROM stdin;
\.


--
-- Data for Name: listings; Type: TABLE DATA; Schema: public; Owner: -
--

COPY public.listings (id, description, inserted_at, updated_at, rooms, price, area, garage_spots, address_id, bathrooms, floor, gmaps, is_active, matterport_code, score, type, complement, user_id, is_exclusive, property_tax, maintenance_fee, suites, dependencies, has_elevator, balconies, restrooms, is_release) FROM stdin;
58	Apartamento completamente renovado com sala em 3 ambientes, 4 quartos (2 suítes). Todos os cômodos contam com ar split (inclusive a cozinha). Andar alto e silencioso.	2018-01-31 12:47:35.42074	2018-04-18 23:10:34.144357	4	2800000	280	1	66	5	11	\N	t	ekLC8o8T6iK	2	Apartamento	1101	3	f	\N	\N	\N	\N	\N	\N	\N	\N
55	Cobertura pronta para morar.\n\nPrimeiro andar possui sala ampla, 2 quartos (1 suíte), cozinha e 1 dependência.\n\nSegundo andar possui uma sala, 1 quarto, piscina, churrasqueira e área externa ampla.	2018-01-29 23:42:06.950091	2018-06-05 18:23:08.993964	3	2360000	230	2	318	4	10	\N	t	pkJZZhkAuwm	3	Cobertura	1002	3	f	\N	\N	\N	\N	\N	\N	\N	\N
59	Apartamento localizado próximo ao metrô Cantagalo e à Lagoa.\n\nTrês quartos - o quarto principal conta com varanda e sala em 2 ambientes.	2018-01-31 14:28:51.230959	2018-06-05 20:40:41.399485	3	1150000	112	1	67	2	2	\N	t	RQhTBiNPULD	3	Apartamento	201	3	f	\N	\N	\N	\N	\N	\N	\N	\N
91	dasdadads	2018-03-06 23:00:01.868664	2018-03-06 23:00:01.868673	3	1250000	129	2	100	4	Casa	\N	f	\N	1	Apartamento	Bloco 2 ap 702	3	f	3000	2440	\N	\N	\N	\N	\N	\N
52	Casa localizada em um dos condomínios mais seguros do Itanhangá.\n\nÁrea externa com piscina, deck e churrasqueira.\n\nHall de entrada com pé-direito duplo, 3 suítes (2 com varanda ampla).	2018-01-29 22:44:31.558208	2018-05-21 20:25:41.381908	5	5800000	501	4	61	6	Casa	\N	t	5tJ3CwgLyHx	2	Casa	\N	3	f	\N	\N	\N	\N	\N	\N	\N	\N
76	Apartamento amplo e silencioso no oitavo andar, com 3 quartos amplos. Infraestrutura completa de mercados e serviços a pé do apartamento.	2018-02-23 15:05:46.354103	2018-06-05 21:08:48.719219	3	1030000	94	0	301	2	8	\N	t	v8fGXN6BLkq	3	Apartamento	801	2	f	\N	\N	\N	\N	\N	\N	\N	\N
73	Apartamento de 3 quartos (1 suíte), banheiro social, quarto e banheiro de empregada. Ar-condicionado na sala e quartos, ventiladores de teto, armários nos quartos.\n\nUma vaga de garagem.\n\nCondomínio com segurança, 4 lances de garagem, piscina, playground, churrasqueira e quadra poliesportiva.\n\nDe frente e vista para o mar, próximo ao metrô e ao Copa d’Or.\n\nReformado, pronto para morar. 	2018-02-16 17:01:43.419693	2018-06-05 20:04:24.890246	3	950000	90	1	81	3	14	\N	t	bvy3rygY2Sq	2	Apartamento	Apartamento 1403 Bloco: 4	2	f	\N	\N	\N	\N	\N	\N	\N	\N
70	Apartamento 2 quartos com dependência revertida formando o terceiro quarto. De frente com sol da manhã.\n\nCondomínio com infra total, inclusive serviço de mensageiro e arrumação incluída no valor do condomínio.	2018-02-06 23:05:49.922383	2018-05-16 21:34:24.968365	3	1035000	94	1	78	3	5	\N	t	gdSfPho3V9b	2	Apartamento	502	2	f	\N	\N	\N	\N	\N	\N	\N	\N
75	Cobertura charmosa no Alto Leblon, na parte em que a Timóteo da Costa ainda é mão dupla. Apartamento com elevador, tem um lance de escada para chegar na cobertura. Apartamento pequeno e amplo, precisa de reforma.	2018-02-20 12:13:41.316342	2018-05-16 21:19:38.442841	2	800000	60	0	84	1	Cobertura	\N	t	VzLgpXm7U2c	2	Cobertura	Cobertura 02	2	f	\N	\N	\N	\N	\N	\N	\N	\N
72	Apartamento decorado recentemente por arquiteto, com 3 quartos e área de lazer no condomínio.	2018-02-08 02:38:11.417936	2018-06-01 15:34:05.745171	3	1400000	93	1	302	3	4	\N	t	2vPWjmrqxNi	3	Apartamento	401	2	f	\N	\N	\N	\N	\N	\N	\N	\N
65	Dois quartos totalmente reformado, entrar e morar, com linda vista	2018-02-04 23:50:48.226453	2018-03-07 11:40:39.171477	2	860000	65	1	74	2	9	\N	f	TrJVX7Y28Qq	4	Apartamento	901, bloco 1	2	f	\N	\N	\N	\N	\N	\N	\N	\N
79	Prédio novo, portaria 24 horas, boa área de lazer.\n\nVaranda, sala em 2 ambientes, cozinha com armários, 2 quartos sendo 1 suíte, dependência completa, 1 vaga na escritura.	2018-02-25 17:08:49.923138	2018-05-16 21:09:33.994813	2	1100000	100	1	129	3	3	\N	t	ws7mnjcLDdM	4	Apartamento	303	2	f	\N	\N	\N	\N	\N	\N	\N	\N
63	Cobertura com piscina e churrasqueira ao lado da praça São Salvador, pronta para morar com 3 quartos e dependência.	2018-02-02 03:44:18.130926	2018-05-21 20:19:38.040281	3	1990000	130	1	315	5	Cobertura	\N	t	UbbbXUGLGuc	2	Cobertura	Cobertura 01	2	f	\N	\N	\N	\N	\N	\N	\N	\N
61	Apartamento ao lado do metrô do Catete. Hidráulica e elétrica reformados, com um excelente terraço.	2018-02-02 02:52:38.264729	2018-05-21 20:21:28.018056	3	990000	153	0	317	3	3	\N	t	WfZGLnRBFH4	2	Cobertura	309	2	f	\N	\N	\N	\N	\N	\N	\N	\N
50	Imponente cobertura, necessitando de reforma.\n\nPrédio clássico com portaria em mármore, área externa com piscina, churrasqueira e parquinho.\n\nUma vaga de garagem na escritura, com possibilidade de alugar a segunda.	2018-01-27 18:08:59.535723	2018-05-21 20:27:24.000664	6	2950000	385	1	59	4	13	\N	t	mmSFPR7aN9H	2	Cobertura	1301	2	f	\N	\N	\N	\N	\N	\N	\N	\N
64	Apartamento reformado, silencioso com vista para o verde e para a Lagoa. \n\nDois quartos, sendo 1 quarto com vista para a Lagoa e varanda com vista para o verde.\n\nApartamento de fundos. Uma vaga.\n\nPrédio com playground, piscina, sauna, portaria 24h e serviço opcional.	2018-02-02 20:02:52.765016	2018-05-21 20:18:52.197838	2	1075000	63	1	314	1	5	\N	t	VPHCNZJMtf3	3	Apartamento	apartamento 506	2	f	\N	1500	\N	\N	\N	\N	\N	\N
62	Apartamento no 8º andar, de fundos, silencioso.\n\nPorteiro 24 horas, sala, 2 quartos com armários embutidos, banheiro social, cozinha com armários, área, dependência completa, quarto e banheiro de empregada.\n\nSistema hidráulico e elétrico novos. Apartamento pronto para entrar e morar.	2018-02-02 03:12:19.545853	2018-06-05 19:06:59.602604	2	730000	62	0	316	2	8	\N	t	yVW7q4kSwrj	3	Apartamento	804	2	f	1108	786	\N	\N	\N	\N	\N	\N
57	Apartamento totalmente reformado, 2 quartos, sendo uma suíte, escritório, 1 vaga de garagem na escritura e linda vista para o verde.	2018-01-30 00:18:06.018432	2018-05-10 20:08:39.284171	2	1350000	78	1	65	3	17	\N	f	64cM317oNbD	3	Apartamento	1704	2	f	\N	\N	\N	\N	\N	\N	\N	\N
66	Apartamento em excelente localização, próximo ao metrô do Cantagalo e à Lagoa Rodrigo de Freitas.	2018-02-05 00:40:22.512374	2018-06-05 18:49:45.286596	3	1030000	130	0	75	4	5	\N	t	teA4a93KA2B	3	Apartamento	504	2	f	\N	\N	\N	\N	\N	\N	\N	\N
54	Cobertura linear, única no andar.\n\nUm lance de escada em prédio com elevador, vaga de garagem na escritura.\n\nÁrea externa com 30 m².	2018-01-29 23:05:39.059332	2018-05-21 20:24:54.691008	1	990000	96	1	319	2	5	\N	t	ycwmpzWU3t5	2	Cobertura	cob 01	2	f	\N	\N	\N	\N	\N	\N	\N	\N
51	Vista panorâmica para a Lagoa Rodrigo de Freitas.\n\nQuatro quartos (1 suíte), 1 banheiro social, lavabo.\n\nDuas vagas de garagem na escritura. Prédio com portaria 24h e play com salão de festas.	2018-01-27 18:43:38.843377	2018-05-21 20:26:22.538235	4	4000000	173	2	60	5	9	\N	t	A2SUQzaZWiQ	3	Apartamento	904	2	f	\N	\N	\N	\N	\N	\N	\N	\N
78	Ao lado da Rede Globo, excelente imóvel, 4 unidades por andar, garagem.\n\nTrês quartos com armários e ar, sala boa, corredor de acesso aos quartos com teto rebaixado em madeira, banheiro social, lavabo, copa e cozinha, área de serviços com tanque e banheiro de empregada.	2018-02-25 16:40:16.638208	2018-06-01 15:43:40.909169	3	1130000	90	1	87	2	1	\N	t	iVuuq8bMmEq	3	Apartamento	104	2	f	\N	\N	\N	\N	\N	\N	\N	\N
60	Apartamento localizado na rua da praia, com vista lateral para o mar. Ambientes reformados, pronto para morar.\n\nNo início de Copacabana, próximo do metrô e de Ipanema.	2018-02-01 13:41:21.280889	2018-06-05 17:26:49.586081	2	1470000	101	0	69	2	2	\N	t	mV1KrCv49vq	3	Apartamento	204	2	f	\N	815	\N	\N	\N	\N	\N	\N
84	Apartamento reformado e pronto para morar. Três quartos sendo 1 suíte e 3 banheiros. Uma vaga na escritura e ótima área de lazer no prédio com piscina, churrasqueira, academia e salão de festas. 	2018-02-28 03:16:38.825638	2018-05-16 20:59:14.96508	3	1200000	90	1	93	3	5	\N	t	jjTt7Uvj1Ky	2	Apartamento	506	2	f	\N	\N	\N	\N	\N	\N	\N	\N
56	Apartamento todo reformado, entrar e morar, próximo ao Largo dos Leões.	2018-01-29 23:58:34.344921	2018-03-03 17:56:43.781451	2	820000	68	0	68	2	4	\N	t	AnAUqTpWsFf	3	Apartamento	405	2	f	\N	\N	\N	\N	\N	\N	\N	\N
85	Apartamento no Catete, 2 minutos andando do metrô, 2 quartos, 2 banheiros e dependência. Com vaga de garagem.	2018-03-01 16:21:39.130841	2018-05-16 20:45:22.985908	2	850000	74	1	94	2	4	\N	t	A2g5LPTiTYp	3	Apartamento	404	2	f	\N	\N	\N	\N	\N	\N	\N	\N
94	Apartamento bem localizado, ao lado do metrô da General Osório (coração de Ipanema) - 1 minuto andando. Dois quartos, sala e cozinha ampla. Possui dependência. \n\nUma vaga na garagem.\n\nPrecisa de modernização.	2018-03-08 01:59:26.910059	2018-05-16 20:18:53.041527	2	1500000	142	1	104	3	1	\N	t	dswsFfpmU61	1	Apartamento	101	2	f	1700	1000	\N	\N	\N	\N	\N	\N
93	Apartamento em Copacabana, três quartos, com portaria 24hrs, pronto para morar, dois apartamentos por andar, elevador com chave de segurança com o proprietário.	2018-03-07 12:32:50.376527	2018-05-14 16:13:44.510824	3	830000	102	\N	102	2	5	\N	f	S85nKUnctLn	3	Apartamento	502	2	f	1141	1333	\N	\N	\N	\N	\N	\N
90	Apartamento na Marquês de Abrantes, 3 quartos e 2 banheiros com dependência.\n\nPossui elevador e portaria, novo, pronto para morar. 	2018-03-06 03:46:11.942392	2018-05-16 20:21:15.938971	3	950000	124	0	300	2	6	\N	t	x7umeGzRzqe	3	Apartamento	605	2	f	\N	\N	\N	\N	\N	\N	\N	\N
69	Apartamento amplo e de frente, 4 quartos, 1 suíte, todos com armários embutidos.\n\nSala com 3 ambientes, cozinha com armários e mesa de lanche, área de serviço com armário.\n\nPorteiro 24 horas, 3 elevadores, salão com churrasqueira no condomínio. \n\nUma quadra do metrô e do Copa d’Or. Próximo também a mercados e farmacias.\n\nVista para o Cristo Redentor.	2018-02-06 18:41:24.031483	2018-06-05 21:12:25.835214	4	1185000	160	0	77	2	10	\N	t	UoaUFq6WLnb	3	Apartamento	1001	2	f	\N	\N	\N	\N	\N	\N	\N	\N
92	Excelente apartamento, originalmente de 3 quartos, que teve um dos quartos revertido para ampliar a sala e criar um closet para a suíte.\n\nUma vaga de garagem na escritura.\n\nPróximo ao Clube Fluminense.	2018-03-07 11:43:22.976514	2018-05-16 20:19:54.639482	2	1200000	103	1	101	3	2	\N	t	hQ6T2Q3pVL3	3	Apartamento	203	2	f	1138	967	\N	\N	\N	\N	\N	\N
88	Apartamento aconchegante, pronto para entrar e morar, em localização nobre no Jardim Botânico.\n\nOriginal 3 quartos, tendo sido um dos quartos revertido para a sala.\n\nUma varanda, dois banheiros e dependência.\n\nPrédio sem elevador e garagem. Ótimo apartamento para pessoas jovens. Documentação cristalina.	2018-03-06 03:36:27.576364	2018-05-16 20:25:55.019281	3	895000	110	0	103	2	3	\N	t	GMW6Xbw6AkJ	3	Apartamento	apartamento 301	2	f	\N	\N	\N	\N	\N	\N	\N	\N
80	Amplo apartamento perto de Ipanema, andar alto, perto da praia (vista lateral do mar) e do metrô.\n\nTrês quartos sendo 1 suíte, 1 banheiro social, cozinha com área de serviço, quarto e banheiro de empregada. De frente, arejado, silencioso. \n\nLocalização excelente. Todas as instalações elétricas e hidráulicas super novas e modernizadas.	2018-02-26 12:24:28.020294	2018-05-18 17:20:10.984926	3	1000000	125	0	89	2	9	\N	t	9D1kvTSZjvs	2	Apartamento	Apartamento 902	2	f	\N	1020	\N	\N	\N	\N	\N	\N
89	Apartamento com sala ampla, 3 quartos, vista livre, cozinha, dependência com banheiro.\n\nPortaria 24 horas, precisa de reforma.	2018-03-06 03:41:09.338784	2018-05-16 20:23:06.105992	3	880000	110	0	98	2	10	\N	t	2WZLCvo3gp7	3	Apartamento	apartamento 1001	2	f	\N	\N	\N	\N	\N	\N	\N	\N
83	Apartamento perto da rua Santa Clara, a uma quadra da praia. Três quartos, sala ampla, cozinha e dependência completa.	2018-02-28 02:00:27.649017	2018-05-22 19:52:43.731598	3	1050000	108	0	92	2	7	\N	t	QrnDUxui2Fj	3	Apartamento	704	2	f	\N	\N	\N	\N	\N	\N	\N	\N
96	Apartamento em Laranjeiras, excelente localização: ao lado do Parque Guinle e a 350m do metrô Largo do Machado. Próximo ao Aterro do Flamengo, supermercados, farmácias, restaurantes e cinema. Imóvel arejado e bem iluminado, frente, sol da manha. Totalmente reformado (elétrica, hidráulica, gás), armários embutidos e marcenaria completa. Sala em dois ambientes, 2 quartos, sendo um suíte, área de serviço e cozinha equipadas: cooktop, coifa, forno embutido, aquecedor digital e ar condicionado em todos os cômodos. Entrar e morar. Imóvel livre de laudêmio.	2018-03-09 02:49:41.903233	2018-03-12 19:28:56.736532	2	825000	78	0	106	2	5	\N	f	56ZN9j1j9wC	4	Apartamento	503	2	f	\N	\N	\N	\N	\N	\N	\N	\N
81	Ótimo apartamento em excelente localização de Copacabana. Duas quadras da Avenida Atlântica. Composto por 2 salas (estar e jantar), 2 quartos (1 suíte), banheiro, cozinha e área de serviço.	2018-02-27 02:58:05.656097	2018-05-16 21:02:03.336213	2	720000	69	0	90	2	5	\N	t	WH8AeADTAje	3	Apartamento	501	2	f	\N	\N	\N	\N	\N	\N	\N	\N
87	Amplo e arejado, andar alto, 2ª quadra da praia.\n\nPerto de bancos e vasto comércio, lugar tranquilo e silencioso, sol da manhã.\n\nElevador privativo para 2 apartamentos. Todo reformado e pintado. Entrar e morar.	2018-03-05 01:57:04.89985	2018-05-16 20:28:23.66052	3	1500000	130	1	96	2	8	\N	t	5sPkRRXfyDR	4	Apartamento	apartamento 803	2	f	\N	\N	\N	\N	\N	\N	\N	\N
95	Excelente apartamento na Vieira Souto com vista total para o mar.\n\nTrês quartos, todos 3 suítes, e 1 lavabo. Ampla cozinha com vista para o mar. Uma dependência com banheiro.\n\nDuas vagas na garagem com estacionamento para visitantes. Porteiro 24 horas.	2018-03-08 03:41:48.274263	2018-05-16 20:17:38.929663	3	20000000	311	2	105	5	6	\N	t	krSByRGYmQ7	2	Apartamento	601	2	f	23000	7500	\N	\N	\N	\N	\N	\N
77	Apartamento no Morada do Sol, condomínio com ótima infraestrutura e segurança em Botafogo, local alto e arejado, apartamento com dois quartos sendo uma suite, dependência, sala e cozinha ampla, apartamento em ótimo estado, pronto para morar.	2018-02-23 15:28:42.951364	2018-04-09 01:31:42.9166	3	1030000	95	1	86	2	5	\N	f	cLRHj5e4P5E	4	Apartamento	Apartamento 501 Bloco: B	2	f	\N	\N	\N	\N	\N	\N	\N	\N
82	Apartamento reformado com salão em 3 ambientes, 4 quartos (1 suíte), lavabo, banheiro social, copa-cozinha, área externa, 2 dependências.\n\nPortaria 24 horas, 1 vaga na escritura, última quadra e próximo do metrô.	2018-02-27 13:52:49.092391	2018-05-16 21:01:02.568882	4	1200000	170	1	91	4	1	\N	t	HVVHZh7ekcX	2	Apartamento	102	2	f	\N	\N	\N	\N	\N	\N	\N	\N
99	Excelente apartamento reformado por arquiteto, de frente, sol da manhã e fundos com uma varanda tendo vista para a mata. \n\nDois dos quartos (1 suíte) têm armários planejados. A dependência foi revertida, fazendo um 3º quarto e 2ª suíte.\n\nPiso e revestimento de parede em porcelanato retificado Portobello. \n\nTodo o apartamento com iluminação direta e indireta em led e trifásico, salão em 3 ambientes, com som e iluminação embutida no teto rebaixado.\n\nDuas varandas, cozinha planejada com revestimento Portinari e Portobello. \n\nSem garagem, porém ao lado tem um edifício garagem vendendo vaga em torno de R$30.000,00.	2018-03-12 01:01:26.867851	2018-05-22 20:27:05.271845	2	970000	80	\N	109	2	3	\N	f	H8FramKD7co	2	Apartamento	302	2	f	1215	650	\N	\N	\N	\N	\N	\N
100	Apartamento próximo à Rua Maria Angélica. Apartamento de fundos com vista livre, playground. Hall com 4 apartamentos por andar. \n\nDependência completa. Banheiro independente mais um lavabo. \n\nÓtima localização.	2018-03-13 02:20:28.261002	2018-05-16 13:02:03.017698	3	1320000	94	1	110	2	7	\N	t	2qdBvk6amfH	2	Apartamento	705	2	f	2271	\N	\N	\N	\N	\N	\N	\N
86	Apartamento reformado, silencioso, andar alto, arejado, com vista para o bosque.  Sala em dois ambientes com piso de porcelanato e iluminação indireta. Três quartos, sendo 1 suíte com banheira de hidromassagem, armários embutidos de madeira, ar condicionado e piso de taco sintecado.\n\nDois banheiros sociais, cozinha e dependências completas, com mais um quarto/escritório com banheiro.\n\nUma vaga de garagem na escritura.\n\nCondomínio Morada do Sol: o condomínio oferece total infraestrutura de lazer com play, salão de festas em cada prédio, 2 piscinas, sauna, academia, churrasqueira, câmeras de vigilância, segurança e porteiros 24h, quiosque, mini-mercado e equipe de manutenção.	2018-03-01 16:46:45.168185	2018-05-16 20:41:46.962837	3	870000	94	1	217	2	13	\N	t	VeLCmDUzF6U	4	Apartamento	1301 Bloco D	2	f	\N	\N	\N	\N	\N	\N	\N	\N
97	Excelente apartamento, ótima localização (posto 5, Rua Djalma Ulrich). \n\nAndar alto, frente, 2 por andar, sol da manhã, 1 suíte, armários embutidos.\n\nPortaria 24 horas.	2018-03-09 02:59:59.100682	2018-05-16 20:15:51.801834	4	1250000	220	\N	107	2	9	\N	t	d9TR6fcj7D8	2	Apartamento	902	2	f	\N	\N	\N	\N	\N	\N	\N	\N
74	Localizado no bairro da Lagoa, próximo ao Jardim Botânico e do acesso ao Túnel Rebouças. Apartamento de frente, com varanda e vista livre para as montanhas da Fonte da Saudade, recebendo o sol da manhã. \n\nSalão em 2 ambientes, abrindo para a varanda. Três quartos com armários, sendo 1 suíte de frente, abrindo para a varanda, o 2º quarto também de frente e abrindo para a varanda e o 3º quarto de fundos. Um banheiro social.\n\nCozinha com armários planejados, área de serviço e dependências completas.\n\nDuas vagas na escritura livres, sem manobrista. Prédio com play, salão de festas e portaria 24 horas.	2018-02-16 18:01:22.437455	2018-05-28 23:49:13.157709	3	1900000	110	2	82	2	4	\N	f	aj9iobHcres	3	Apartamento	Apartamento 401	2	f	\N	1800	\N	\N	\N	\N	\N	\N
68	Apartamento de frente, 2 por andar, local arborizado, silencioso, sol da manhã. \n\nReformado em hidráulica e elétrica, pintado recentemente. Salão com 40m², 3 dormitórios, 2 banheiros sociais, boa cozinha com armários.\n\nAmpla área de serviço com armários, dependências completas de empregada, elevador social com entrada e hall privativos. \n\nÓtimo estado de conservação. Próximo ao metrô, estação Arcoverde e a 7 minutos da praia. Possibilidade de 2ª vaga de garagem por R$100/mês. Porteiro 24 × 7.	2018-02-06 18:31:21.724234	2018-05-21 20:16:45.921939	3	1560000	140	1	76	3	2	\N	t	RS5gM7Kv54z	4	Apartamento	apartamento 201	2	f	329	1347	\N	\N	\N	\N	\N	\N
98	Um por andar, totalmente mobiliado, 2 quartos com ar-condicionado, no coração de Copacabana. Entrar e morar.\n\nPossibilidade de garagem.\n\nRua tranquila, sem trânsito intenso de carros, com 2 supermercados, lojas e restaurantes, entre Barata Ribeiro e Cinco de Julho.\n\nTodo reformado, frente, seguro e com vista lateral para a montanha, armário embutido, área de serviço e dependência.	2018-03-09 03:10:08.422998	2018-05-16 13:07:55.315691	3	1080000	110	\N	108	2	8	\N	t	85BWYey4t5g	3	Apartamento	801	2	f	\N	1840	\N	\N	\N	\N	\N	\N
71	Um apartamento por andar, sala em 3 ambientes e 4 quartos, todos de frente, sendo uma suíte. Lavabo, banheiro social, ampla copa-cozinha, área de serviço independente, duas dependências.\n\nArmários embutidos em jacarandá, ar-condicionado split na sala e nos quartos.\n\nSol da manhã, claro e arejado.\n\nPerto do metrô. Uma vaga na escritura. Portaria 24 horas.	2018-02-08 02:23:28.514334	2018-05-16 21:33:16.359225	4	1800000	202	1	303	3	8	\N	t	E32NMaBcjmP	2	Apartamento	Apartamento 801	2	f	\N	\N	\N	\N	\N	\N	\N	\N
\.


--
-- Data for Name: listings_blacklists; Type: TABLE DATA; Schema: public; Owner: -
--

COPY public.listings_blacklists (id, listing_id, user_id, inserted_at, updated_at) FROM stdin;
\.


--
-- Data for Name: listings_favorites; Type: TABLE DATA; Schema: public; Owner: -
--

COPY public.listings_favorites (id, listing_id, user_id, inserted_at, updated_at) FROM stdin;
\.


--
-- Data for Name: messages; Type: TABLE DATA; Schema: public; Owner: -
--

COPY public.messages (id, message, notified, read, sender_id, receiver_id, listing_id, inserted_at, updated_at, channel_id) FROM stdin;
\.


--
-- Data for Name: price_histories; Type: TABLE DATA; Schema: public; Owner: -
--

COPY public.price_histories (id, price, listing_id, inserted_at, updated_at) FROM stdin;
\.


--
-- Data for Name: price_suggestion_factors; Type: TABLE DATA; Schema: public; Owner: -
--

COPY public.price_suggestion_factors (id, street, intercept, area, bathrooms, rooms, garage_spots, r2, inserted_at, updated_at) FROM stdin;
\.


--
-- Data for Name: price_suggestion_requests; Type: TABLE DATA; Schema: public; Owner: -
--

COPY public.price_suggestion_requests (id, name, email, area, rooms, bathrooms, garage_spots, address_id, user_id, inserted_at, updated_at, is_covered) FROM stdin;
\.


--
-- Data for Name: schema_migrations; Type: TABLE DATA; Schema: public; Owner: -
--

COPY public.schema_migrations (version, inserted_at) FROM stdin;
20170626133913	2017-10-25 18:05:52.475976
20170818092851	2017-10-25 18:05:52.509637
20170818140737	2017-10-25 18:05:52.532766
20170818164107	2017-10-25 18:05:52.557284
20170823135833	2017-10-25 18:05:52.60059
20170823201211	2017-10-25 18:05:52.651845
20170828175924	2017-10-25 18:05:52.723211
20170915175735	2017-10-25 18:05:52.759209
20170927220359	2017-10-25 18:05:52.809805
20171001235456	2017-10-25 18:05:52.843723
20171005184629	2017-10-25 18:05:52.868596
20171014132520	2017-10-25 18:05:52.889945
20171110132457	2017-11-10 13:31:26.61981
20171117135029	2017-11-17 19:46:56.532957
20171117135441	2017-11-17 19:46:56.566151
20171117205602	2017-11-17 21:12:34.02916
20171117210347	2017-11-17 21:12:34.09716
20171120163350	2017-11-20 16:38:06.915379
20171124153449	2017-11-24 16:08:47.25342
20171124162441	2017-11-24 16:29:05.992744
20171202003337	2017-12-11 14:28:35.193098
20171206195821	2017-12-11 14:28:35.301944
20171207223943	2017-12-11 14:28:35.410981
20171218160359	2017-12-21 18:21:07.200573
20171221004640	2017-12-21 18:21:07.248947
20171228114857	2018-01-10 12:57:11.163058
20180108183622	2018-01-10 12:57:11.254415
20180112120917	2018-01-15 18:34:56.661858
20180112193536	2018-01-15 18:34:56.743464
20180115170938	2018-01-15 18:34:56.804515
20180116172928	2018-01-17 20:12:22.357235
20180117174024	2018-01-17 20:12:22.402035
20180118160941	2018-01-18 19:56:43.109796
20180118185204	2018-01-18 19:56:43.142354
20180122165613	2018-01-22 19:03:02.995101
20180122135859	2018-01-23 17:31:04.349683
20180201161742	2018-02-01 18:44:10.569585
20180206144040	2018-02-09 11:19:13.253014
20180214180347	2018-02-14 19:21:38.878675
20180301134430	2018-03-06 22:49:54.052565
20180307153109	2018-03-07 16:51:15.24654
20180314182019	2018-03-15 17:51:59.413367
20180322193427	2018-04-02 13:21:53.949343
20180404132906	2018-04-04 21:58:30.173291
20180410180318	2018-04-11 00:23:10.909085
20180412165253	2018-04-12 21:53:37.863188
20180416184056	2018-04-17 20:28:41.843481
20180417135549	2018-04-17 20:28:42.013698
20180510171224	2018-05-15 20:56:34.320854
20180530165219	2018-06-08 21:23:20.725961
20180608171155	2018-06-08 21:23:20.778625
20180611130532	2018-06-11 18:27:35.597895
20180620174059	2018-07-04 16:05:49.691199
20180622191246	2018-07-04 16:05:49.758084
20180628165602	2018-07-04 16:05:49.805643
20180629164919	2018-07-04 16:05:49.849958
20180702135857	2018-07-04 16:05:49.883497
20180710184758	2018-07-11 21:37:23.395905
20180723180328	2018-07-26 21:31:38.117115
20180725174927	2018-07-26 21:31:38.141036
20180725184654	2018-07-26 21:31:38.175407
\.


--
-- Data for Name: tour_visualizations; Type: TABLE DATA; Schema: public; Owner: -
--

COPY public.tour_visualizations (id, listing_id, user_id, details, inserted_at, updated_at) FROM stdin;
\.


--
-- Data for Name: users; Type: TABLE DATA; Schema: public; Owner: -
--

COPY public.users (id, name, email, phone, inserted_at, updated_at, password_hash, role, confirmation_token, confirmed, reset_token, notification_preferences) FROM stdin;
1	Some Person	foo@example.com	\N	2018-07-27 21:57:49.760383	2018-07-27 21:57:49.760394	$2b$04$OxjxmOX9b/4966eStxnEFuE.FJ.DkxAYMHCFUi4k/n1zugH0/fTEi	user	39cad245-1a10-4fc3-89f3-f6ca94734c47	f	\N	{"id": "0e045a4f-176f-4b57-9e82-609c931fc8c7", "app": true, "email": true}
2	Test One	test1@example.com	\N	2018-07-27 21:58:09.032277	2018-07-27 21:58:09.032287	$2b$04$FnPbSDd41y6VViiAPdsJsO0OzeZ.7SPed0MicVhKPsOR/XHe3X7ni	user	a550c76d-87ed-4afe-829d-5db8ba28aa14	f	\N	{"id": "1a25c9d4-3d74-4f5a-bace-393bd4b61a5c", "app": true, "email": true}
3	Test Two	test2@example.com	\N	2018-07-27 21:58:25.856349	2018-07-27 21:58:25.856356	$2b$04$yyMi6qcPAKKindU1YSXK4ObdptuXpNvZ6eX3lSPW/EGJW4BajBhi6	user	646e2716-31fe-4da9-a75a-a9eec5d2f1ba	f	\N	{"id": "35ef03be-d07c-4cf0-bd2d-81babc12233c", "app": true, "email": true}
4	Test Three	test3@example.com	\N	2018-07-27 21:58:50.46388	2018-07-27 21:58:50.463889	$2b$04$zlPLnJYRQUaBfOEYvvTk1ebnZxGVgGNfpsb0.iPAJ9yfEiRK6djYi	user	50110191-62e2-4b16-87f3-805f69978a03	f	\N	{"id": "f0d3e6a9-c88e-4712-8e13-09a5d4fc09bc", "app": true, "email": true}
5	Test Four	test4@example.com	\N	2018-07-27 21:59:17.464692	2018-07-27 21:59:17.4647	$2b$04$GSVtAoawa6UEx0T4uT.wneitSmDsSxzx9V2nEjFvX/rTKVOo9C/66	user	11923825-ec93-4342-a889-4634b6e3e7bd	f	\N	{"id": "19ebb868-a293-47fa-9519-a68a943b141e", "app": true, "email": true}
\.


--
-- Name: addresses_id_seq; Type: SEQUENCE SET; Schema: public; Owner: -
--

SELECT pg_catalog.setval('public.addresses_id_seq', 381, true);


--
-- Name: channels_id_seq; Type: SEQUENCE SET; Schema: public; Owner: -
--

SELECT pg_catalog.setval('public.channels_id_seq', 18, true);


--
-- Name: contact_requests_id_seq; Type: SEQUENCE SET; Schema: public; Owner: -
--

SELECT pg_catalog.setval('public.contact_requests_id_seq', 4, true);


--
-- Name: images_id_seq; Type: SEQUENCE SET; Schema: public; Owner: -
--

SELECT pg_catalog.setval('public.images_id_seq', 5645, true);


--
-- Name: in_person_visits_id_seq; Type: SEQUENCE SET; Schema: public; Owner: -
--

SELECT pg_catalog.setval('public.in_person_visits_id_seq', 4, true);


--
-- Name: interest_types_id_seq; Type: SEQUENCE SET; Schema: public; Owner: -
--

SELECT pg_catalog.setval('public.interest_types_id_seq', 5, true);


--
-- Name: interests_id_seq; Type: SEQUENCE SET; Schema: public; Owner: -
--

SELECT pg_catalog.setval('public.interests_id_seq', 217, true);


--
-- Name: listing_visualizations_id_seq; Type: SEQUENCE SET; Schema: public; Owner: -
--

SELECT pg_catalog.setval('public.listing_visualizations_id_seq', 59248, true);


--
-- Name: listings_blacklists_id_seq; Type: SEQUENCE SET; Schema: public; Owner: -
--

SELECT pg_catalog.setval('public.listings_blacklists_id_seq', 1, false);


--
-- Name: listings_favorites_id_seq; Type: SEQUENCE SET; Schema: public; Owner: -
--

SELECT pg_catalog.setval('public.listings_favorites_id_seq', 223, true);


--
-- Name: listings_id_seq; Type: SEQUENCE SET; Schema: public; Owner: -
--

SELECT pg_catalog.setval('public.listings_id_seq', 419, true);


--
-- Name: messages_id_seq; Type: SEQUENCE SET; Schema: public; Owner: -
--

SELECT pg_catalog.setval('public.messages_id_seq', 153, true);


--
-- Name: price_histories_id_seq; Type: SEQUENCE SET; Schema: public; Owner: -
--

SELECT pg_catalog.setval('public.price_histories_id_seq', 1, false);


--
-- Name: price_suggestion_factors_id_seq; Type: SEQUENCE SET; Schema: public; Owner: -
--

SELECT pg_catalog.setval('public.price_suggestion_factors_id_seq', 1, false);


--
-- Name: price_suggestion_requests_id_seq; Type: SEQUENCE SET; Schema: public; Owner: -
--

SELECT pg_catalog.setval('public.price_suggestion_requests_id_seq', 1, false);


--
-- Name: tour_visualizations_id_seq; Type: SEQUENCE SET; Schema: public; Owner: -
--

SELECT pg_catalog.setval('public.tour_visualizations_id_seq', 5836, true);


--
-- Name: users_id_seq; Type: SEQUENCE SET; Schema: public; Owner: -
--

SELECT pg_catalog.setval('public.users_id_seq', 233, true);


--
-- Name: addresses addresses_pkey; Type: CONSTRAINT; Schema: public; Owner: -
--

ALTER TABLE ONLY public.addresses
    ADD CONSTRAINT addresses_pkey PRIMARY KEY (id);


--
-- Name: channels channels_pkey; Type: CONSTRAINT; Schema: public; Owner: -
--

ALTER TABLE ONLY public.channels
    ADD CONSTRAINT channels_pkey PRIMARY KEY (id);


--
-- Name: contact_requests contact_requests_pkey; Type: CONSTRAINT; Schema: public; Owner: -
--

ALTER TABLE ONLY public.contact_requests
    ADD CONSTRAINT contact_requests_pkey PRIMARY KEY (id);


--
-- Name: images images_pkey; Type: CONSTRAINT; Schema: public; Owner: -
--

ALTER TABLE ONLY public.images
    ADD CONSTRAINT images_pkey PRIMARY KEY (id);


--
-- Name: in_person_visits in_person_visits_pkey; Type: CONSTRAINT; Schema: public; Owner: -
--

ALTER TABLE ONLY public.in_person_visits
    ADD CONSTRAINT in_person_visits_pkey PRIMARY KEY (id);


--
-- Name: interest_types interest_types_pkey; Type: CONSTRAINT; Schema: public; Owner: -
--

ALTER TABLE ONLY public.interest_types
    ADD CONSTRAINT interest_types_pkey PRIMARY KEY (id);


--
-- Name: interests interests_pkey; Type: CONSTRAINT; Schema: public; Owner: -
--

ALTER TABLE ONLY public.interests
    ADD CONSTRAINT interests_pkey PRIMARY KEY (id);


--
-- Name: listing_visualizations listing_visualizations_pkey; Type: CONSTRAINT; Schema: public; Owner: -
--

ALTER TABLE ONLY public.listing_visualizations
    ADD CONSTRAINT listing_visualizations_pkey PRIMARY KEY (id);


--
-- Name: listings_blacklists listings_blacklists_pkey; Type: CONSTRAINT; Schema: public; Owner: -
--

ALTER TABLE ONLY public.listings_blacklists
    ADD CONSTRAINT listings_blacklists_pkey PRIMARY KEY (id);


--
-- Name: listings_favorites listings_favorites_pkey; Type: CONSTRAINT; Schema: public; Owner: -
--

ALTER TABLE ONLY public.listings_favorites
    ADD CONSTRAINT listings_favorites_pkey PRIMARY KEY (id);


--
-- Name: listings listings_pkey; Type: CONSTRAINT; Schema: public; Owner: -
--

ALTER TABLE ONLY public.listings
    ADD CONSTRAINT listings_pkey PRIMARY KEY (id);


--
-- Name: messages messages_pkey; Type: CONSTRAINT; Schema: public; Owner: -
--

ALTER TABLE ONLY public.messages
    ADD CONSTRAINT messages_pkey PRIMARY KEY (id);


--
-- Name: price_histories price_histories_pkey; Type: CONSTRAINT; Schema: public; Owner: -
--

ALTER TABLE ONLY public.price_histories
    ADD CONSTRAINT price_histories_pkey PRIMARY KEY (id);


--
-- Name: price_suggestion_factors price_suggestion_factors_pkey; Type: CONSTRAINT; Schema: public; Owner: -
--

ALTER TABLE ONLY public.price_suggestion_factors
    ADD CONSTRAINT price_suggestion_factors_pkey PRIMARY KEY (id);


--
-- Name: price_suggestion_requests price_suggestion_requests_pkey; Type: CONSTRAINT; Schema: public; Owner: -
--

ALTER TABLE ONLY public.price_suggestion_requests
    ADD CONSTRAINT price_suggestion_requests_pkey PRIMARY KEY (id);


--
-- Name: schema_migrations schema_migrations_pkey; Type: CONSTRAINT; Schema: public; Owner: -
--

ALTER TABLE ONLY public.schema_migrations
    ADD CONSTRAINT schema_migrations_pkey PRIMARY KEY (version);


--
-- Name: tour_visualizations tour_visualizations_pkey; Type: CONSTRAINT; Schema: public; Owner: -
--

ALTER TABLE ONLY public.tour_visualizations
    ADD CONSTRAINT tour_visualizations_pkey PRIMARY KEY (id);


--
-- Name: users users_pkey; Type: CONSTRAINT; Schema: public; Owner: -
--

ALTER TABLE ONLY public.users
    ADD CONSTRAINT users_pkey PRIMARY KEY (id);


--
-- Name: channels_listing_id_index; Type: INDEX; Schema: public; Owner: -
--

CREATE INDEX channels_listing_id_index ON public.channels USING btree (listing_id);


--
-- Name: channels_participant1_id_index; Type: INDEX; Schema: public; Owner: -
--

CREATE INDEX channels_participant1_id_index ON public.channels USING btree (participant1_id);


--
-- Name: channels_participant2_id_index; Type: INDEX; Schema: public; Owner: -
--

CREATE INDEX channels_participant2_id_index ON public.channels USING btree (participant2_id);


--
-- Name: contact_requests_user_id_index; Type: INDEX; Schema: public; Owner: -
--

CREATE INDEX contact_requests_user_id_index ON public.contact_requests USING btree (user_id);


--
-- Name: images_listing_id_index; Type: INDEX; Schema: public; Owner: -
--

CREATE INDEX images_listing_id_index ON public.images USING btree (listing_id);


--
-- Name: in_person_visits_listing_id_index; Type: INDEX; Schema: public; Owner: -
--

CREATE INDEX in_person_visits_listing_id_index ON public.in_person_visits USING btree (listing_id);


--
-- Name: interests_interest_type_id_index; Type: INDEX; Schema: public; Owner: -
--

CREATE INDEX interests_interest_type_id_index ON public.interests USING btree (interest_type_id);


--
-- Name: interests_listing_id_index; Type: INDEX; Schema: public; Owner: -
--

CREATE INDEX interests_listing_id_index ON public.interests USING btree (listing_id);


--
-- Name: listing_visualizations_listing_id_index; Type: INDEX; Schema: public; Owner: -
--

CREATE INDEX listing_visualizations_listing_id_index ON public.listing_visualizations USING btree (listing_id);


--
-- Name: listing_visualizations_user_id_index; Type: INDEX; Schema: public; Owner: -
--

CREATE INDEX listing_visualizations_user_id_index ON public.listing_visualizations USING btree (user_id);


--
-- Name: listings_address_id_index; Type: INDEX; Schema: public; Owner: -
--

CREATE INDEX listings_address_id_index ON public.listings USING btree (address_id);


--
-- Name: listings_blacklists_listing_id_index; Type: INDEX; Schema: public; Owner: -
--

CREATE INDEX listings_blacklists_listing_id_index ON public.listings_blacklists USING btree (listing_id);


--
-- Name: listings_blacklists_user_id_index; Type: INDEX; Schema: public; Owner: -
--

CREATE INDEX listings_blacklists_user_id_index ON public.listings_blacklists USING btree (user_id);


--
-- Name: listings_favorites_listing_id_index; Type: INDEX; Schema: public; Owner: -
--

CREATE INDEX listings_favorites_listing_id_index ON public.listings_favorites USING btree (listing_id);


--
-- Name: listings_favorites_user_id_index; Type: INDEX; Schema: public; Owner: -
--

CREATE INDEX listings_favorites_user_id_index ON public.listings_favorites USING btree (user_id);


--
-- Name: listings_user_id_index; Type: INDEX; Schema: public; Owner: -
--

CREATE INDEX listings_user_id_index ON public.listings USING btree (user_id);


--
-- Name: messages_channel_id_index; Type: INDEX; Schema: public; Owner: -
--

CREATE INDEX messages_channel_id_index ON public.messages USING btree (channel_id);


--
-- Name: messages_listing_id_index; Type: INDEX; Schema: public; Owner: -
--

CREATE INDEX messages_listing_id_index ON public.messages USING btree (listing_id);


--
-- Name: messages_receiver_id_index; Type: INDEX; Schema: public; Owner: -
--

CREATE INDEX messages_receiver_id_index ON public.messages USING btree (receiver_id);


--
-- Name: messages_sender_id_index; Type: INDEX; Schema: public; Owner: -
--

CREATE INDEX messages_sender_id_index ON public.messages USING btree (sender_id);


--
-- Name: price_histories_listing_id_index; Type: INDEX; Schema: public; Owner: -
--

CREATE INDEX price_histories_listing_id_index ON public.price_histories USING btree (listing_id);


--
-- Name: price_suggestion_requests_address_id_index; Type: INDEX; Schema: public; Owner: -
--

CREATE INDEX price_suggestion_requests_address_id_index ON public.price_suggestion_requests USING btree (address_id);


--
-- Name: price_suggestion_requests_user_id_index; Type: INDEX; Schema: public; Owner: -
--

CREATE INDEX price_suggestion_requests_user_id_index ON public.price_suggestion_requests USING btree (user_id);


--
-- Name: topic; Type: INDEX; Schema: public; Owner: -
--

CREATE UNIQUE INDEX topic ON public.channels USING btree (participant1_id, participant2_id, listing_id);


--
-- Name: tour_visualizations_listing_id_index; Type: INDEX; Schema: public; Owner: -
--

CREATE INDEX tour_visualizations_listing_id_index ON public.tour_visualizations USING btree (listing_id);


--
-- Name: tour_visualizations_user_id_index; Type: INDEX; Schema: public; Owner: -
--

CREATE INDEX tour_visualizations_user_id_index ON public.tour_visualizations USING btree (user_id);


--
-- Name: unique_address; Type: INDEX; Schema: public; Owner: -
--

CREATE UNIQUE INDEX unique_address ON public.addresses USING btree (street, postal_code, street_number);


--
-- Name: unique_blacklist; Type: INDEX; Schema: public; Owner: -
--

CREATE UNIQUE INDEX unique_blacklist ON public.listings_blacklists USING btree (listing_id, user_id);


--
-- Name: unique_favorite; Type: INDEX; Schema: public; Owner: -
--

CREATE UNIQUE INDEX unique_favorite ON public.listings_favorites USING btree (listing_id, user_id);


--
-- Name: users_email_index; Type: INDEX; Schema: public; Owner: -
--

CREATE UNIQUE INDEX users_email_index ON public.users USING btree (email);


--
-- Name: channels channels_listing_id_fkey; Type: FK CONSTRAINT; Schema: public; Owner: -
--

ALTER TABLE ONLY public.channels
    ADD CONSTRAINT channels_listing_id_fkey FOREIGN KEY (listing_id) REFERENCES public.listings(id);


--
-- Name: channels channels_participant1_id_fkey; Type: FK CONSTRAINT; Schema: public; Owner: -
--

ALTER TABLE ONLY public.channels
    ADD CONSTRAINT channels_participant1_id_fkey FOREIGN KEY (participant1_id) REFERENCES public.users(id);


--
-- Name: channels channels_participant2_id_fkey; Type: FK CONSTRAINT; Schema: public; Owner: -
--

ALTER TABLE ONLY public.channels
    ADD CONSTRAINT channels_participant2_id_fkey FOREIGN KEY (participant2_id) REFERENCES public.users(id);


--
-- Name: contact_requests contact_requests_user_id_fkey; Type: FK CONSTRAINT; Schema: public; Owner: -
--

ALTER TABLE ONLY public.contact_requests
    ADD CONSTRAINT contact_requests_user_id_fkey FOREIGN KEY (user_id) REFERENCES public.users(id);


--
-- Name: images images_listing_id_fkey; Type: FK CONSTRAINT; Schema: public; Owner: -
--

ALTER TABLE ONLY public.images
    ADD CONSTRAINT images_listing_id_fkey FOREIGN KEY (listing_id) REFERENCES public.listings(id);


--
-- Name: in_person_visits in_person_visits_listing_id_fkey; Type: FK CONSTRAINT; Schema: public; Owner: -
--

ALTER TABLE ONLY public.in_person_visits
    ADD CONSTRAINT in_person_visits_listing_id_fkey FOREIGN KEY (listing_id) REFERENCES public.listings(id);


--
-- Name: interests interests_interest_type_id_fkey; Type: FK CONSTRAINT; Schema: public; Owner: -
--

ALTER TABLE ONLY public.interests
    ADD CONSTRAINT interests_interest_type_id_fkey FOREIGN KEY (interest_type_id) REFERENCES public.interest_types(id);


--
-- Name: interests interests_listing_id_fkey; Type: FK CONSTRAINT; Schema: public; Owner: -
--

ALTER TABLE ONLY public.interests
    ADD CONSTRAINT interests_listing_id_fkey FOREIGN KEY (listing_id) REFERENCES public.listings(id);


--
-- Name: listing_visualizations listing_visualizations_listing_id_fkey; Type: FK CONSTRAINT; Schema: public; Owner: -
--

ALTER TABLE ONLY public.listing_visualizations
    ADD CONSTRAINT listing_visualizations_listing_id_fkey FOREIGN KEY (listing_id) REFERENCES public.listings(id);


--
-- Name: listing_visualizations listing_visualizations_user_id_fkey; Type: FK CONSTRAINT; Schema: public; Owner: -
--

ALTER TABLE ONLY public.listing_visualizations
    ADD CONSTRAINT listing_visualizations_user_id_fkey FOREIGN KEY (user_id) REFERENCES public.users(id);


--
-- Name: listings listings_address_id_fkey; Type: FK CONSTRAINT; Schema: public; Owner: -
--

ALTER TABLE ONLY public.listings
    ADD CONSTRAINT listings_address_id_fkey FOREIGN KEY (address_id) REFERENCES public.addresses(id);


--
-- Name: listings_blacklists listings_blacklists_listing_id_fkey; Type: FK CONSTRAINT; Schema: public; Owner: -
--

ALTER TABLE ONLY public.listings_blacklists
    ADD CONSTRAINT listings_blacklists_listing_id_fkey FOREIGN KEY (listing_id) REFERENCES public.listings(id);


--
-- Name: listings_blacklists listings_blacklists_user_id_fkey; Type: FK CONSTRAINT; Schema: public; Owner: -
--

ALTER TABLE ONLY public.listings_blacklists
    ADD CONSTRAINT listings_blacklists_user_id_fkey FOREIGN KEY (user_id) REFERENCES public.users(id);


--
-- Name: listings_favorites listings_favorites_listing_id_fkey; Type: FK CONSTRAINT; Schema: public; Owner: -
--

ALTER TABLE ONLY public.listings_favorites
    ADD CONSTRAINT listings_favorites_listing_id_fkey FOREIGN KEY (listing_id) REFERENCES public.listings(id);


--
-- Name: listings_favorites listings_favorites_user_id_fkey; Type: FK CONSTRAINT; Schema: public; Owner: -
--

ALTER TABLE ONLY public.listings_favorites
    ADD CONSTRAINT listings_favorites_user_id_fkey FOREIGN KEY (user_id) REFERENCES public.users(id);


--
-- Name: listings listings_user_id_fkey; Type: FK CONSTRAINT; Schema: public; Owner: -
--

ALTER TABLE ONLY public.listings
    ADD CONSTRAINT listings_user_id_fkey FOREIGN KEY (user_id) REFERENCES public.users(id);


--
-- Name: messages messages_channel_id_fkey; Type: FK CONSTRAINT; Schema: public; Owner: -
--

ALTER TABLE ONLY public.messages
    ADD CONSTRAINT messages_channel_id_fkey FOREIGN KEY (channel_id) REFERENCES public.channels(id);


--
-- Name: messages messages_listing_id_fkey; Type: FK CONSTRAINT; Schema: public; Owner: -
--

ALTER TABLE ONLY public.messages
    ADD CONSTRAINT messages_listing_id_fkey FOREIGN KEY (listing_id) REFERENCES public.listings(id);


--
-- Name: messages messages_receiver_id_fkey; Type: FK CONSTRAINT; Schema: public; Owner: -
--

ALTER TABLE ONLY public.messages
    ADD CONSTRAINT messages_receiver_id_fkey FOREIGN KEY (receiver_id) REFERENCES public.users(id);


--
-- Name: messages messages_sender_id_fkey; Type: FK CONSTRAINT; Schema: public; Owner: -
--

ALTER TABLE ONLY public.messages
    ADD CONSTRAINT messages_sender_id_fkey FOREIGN KEY (sender_id) REFERENCES public.users(id);


--
-- Name: price_histories price_histories_listing_id_fkey; Type: FK CONSTRAINT; Schema: public; Owner: -
--

ALTER TABLE ONLY public.price_histories
    ADD CONSTRAINT price_histories_listing_id_fkey FOREIGN KEY (listing_id) REFERENCES public.listings(id);


--
-- Name: price_suggestion_requests price_suggestion_requests_address_id_fkey; Type: FK CONSTRAINT; Schema: public; Owner: -
--

ALTER TABLE ONLY public.price_suggestion_requests
    ADD CONSTRAINT price_suggestion_requests_address_id_fkey FOREIGN KEY (address_id) REFERENCES public.addresses(id);


--
-- Name: price_suggestion_requests price_suggestion_requests_user_id_fkey; Type: FK CONSTRAINT; Schema: public; Owner: -
--

ALTER TABLE ONLY public.price_suggestion_requests
    ADD CONSTRAINT price_suggestion_requests_user_id_fkey FOREIGN KEY (user_id) REFERENCES public.users(id);


--
-- Name: tour_visualizations tour_visualizations_listing_id_fkey; Type: FK CONSTRAINT; Schema: public; Owner: -
--

ALTER TABLE ONLY public.tour_visualizations
    ADD CONSTRAINT tour_visualizations_listing_id_fkey FOREIGN KEY (listing_id) REFERENCES public.listings(id);


--
-- Name: tour_visualizations tour_visualizations_user_id_fkey; Type: FK CONSTRAINT; Schema: public; Owner: -
--

ALTER TABLE ONLY public.tour_visualizations
    ADD CONSTRAINT tour_visualizations_user_id_fkey FOREIGN KEY (user_id) REFERENCES public.users(id);


--
-- PostgreSQL database dump complete
--

